id,sortOrder,arabic,arabicPlain,transliteration,translationEn,translationUr,wordType,gender,pluralForm,rootLetters,topicCategories,chapterIntroduced,frequencyInQuran,imageKey,suggestedFilename
cmq6hkx69002h145k9bkus3la,1,رَجُل,رجل,rajul,man,مرد,NOUN,MASCULINE,رِجَال,ر ج ل,people,1,73,images/words/cmq6hkx69002h145k9bkus3la.jpg,001-rajul.jpg
cmq6hkx69002i145kiywdi7ya,2,امْرَأَة,امراة,imra'a,woman,عورت,NOUN,FEMININE,نِسَاء,م ر أ,people,1,26,images/words/cmq6hkx69002i145kiywdi7ya.jpg,002-imra-a.jpg
cmq6hkx69002j145kbb7hxqph,3,وَلَد,ولد,walad,"boy, child",لڑکا، بچہ,NOUN,MASCULINE,أَوْلَاد,و ل د,people|family,1,100,images/words/cmq6hkx69002j145kbb7hxqph.jpg,003-walad.jpg
cmq6hkx69002k145kpxt87g6l,4,بِنْت,بنت,bint,"girl, daughter",لڑکی، بیٹی,NOUN,FEMININE,بَنَات,ب ن ت,people|family,1,18,images/words/cmq6hkx69002k145kpxt87g6l.jpg,004-bint.jpg
cmq6hkx69002l145k11laxd6n,5,نَاس,ناس,nās,"people, mankind",لوگ، انسان,NOUN,MASCULINE,,أ ن س,people,1,241,images/words/cmq6hkx69002l145k11laxd6n.jpg,005-n-s.jpg
cmq6hkx69002m145k2p2lr1fa,6,أَب,اب,ab,father,باپ,NOUN,MASCULINE,آبَاء,أ ب و,family,1,118,images/words/cmq6hkx69002m145k2p2lr1fa.jpg,006-ab.jpg
cmq6hkx69002n145kfinwht4j,7,أُمّ,ام,umm,mother,ماں,NOUN,FEMININE,أُمَّهَات,أ م م,family,1,113,images/words/cmq6hkx69002n145kfinwht4j.jpg,007-umm.jpg
cmq6hkx69002o145kvlgnecdj,8,أَخ,اخ,akh,brother,بھائی,NOUN,MASCULINE,إِخْوَة,أ خ و,family,1,96,images/words/cmq6hkx69002o145kvlgnecdj.jpg,008-akh.jpg
cmq6hkx69002p145kxk5heyus,9,أُخْت,اخت,ukht,sister,بہن,NOUN,FEMININE,أَخَوَات,أ خ و,family,1,30,images/words/cmq6hkx69002p145kxk5heyus.jpg,009-ukht.jpg
cmq6hkx69002q145klzasw0dw,10,ابْن,ابن,ibn,son,بیٹا,NOUN,MASCULINE,أَبْنَاء,ب ن و,family,1,162,images/words/cmq6hkx69002q145klzasw0dw.jpg,010-ibn.jpg
cmq6hkx69002r145ko5j9l5jc,11,يَد,يد,yad,hand,ہاتھ,NOUN,FEMININE,أَيْدِي,ي د و,body,2,120,images/words/cmq6hkx69002r145ko5j9l5jc.jpg,011-yad.jpg
cmq6hkx69002s145k8wq9rd25,12,عَيْن,عين,'ayn,eye,آنکھ,NOUN,FEMININE,أَعْيُن,ع ي ن,body,2,56,images/words/cmq6hkx69002s145k8wq9rd25.jpg,012-ayn.jpg
cmq6hkx69002t145k2wm8rbx9,13,رَأْس,راس,ra's,head,سر,NOUN,MASCULINE,رُءُوس,ر أ س,body,2,18,images/words/cmq6hkx69002t145k2wm8rbx9.jpg,013-ra-s.jpg
cmq6hkx69002u145kibjbympc,14,قَلْب,قلب,qalb,heart,دل,NOUN,MASCULINE,قُلُوب,ق ل ب,body,2,168,images/words/cmq6hkx69002u145kibjbympc.jpg,014-qalb.jpg
cmq6hkx69002v145k8nc16pu9,15,وَجْه,وجه,wajh,face,چہرہ,NOUN,MASCULINE,وُجُوه,و ج ه,body,2,72,images/words/cmq6hkx69002v145k8nc16pu9.jpg,015-wajh.jpg
cmq6hkx69002w145k8hmiltkz,16,بَيْت,بيت,bayt,"house, home",گھر,NOUN,MASCULINE,بُيُوت,ب ي ت,home,1,71,images/words/cmq6hkx69002w145k8hmiltkz.jpg,016-bayt.jpg
cmq6hkx69002x145ke9u8l9u2,17,بَاب,باب,bāb,"door, gate",دروازہ,NOUN,MASCULINE,أَبْوَاب,ب و ب,home,2,61,images/words/cmq6hkx69002x145ke9u8l9u2.jpg,017-b-b.jpg
cmq6hkx69002y145kyezfmyiz,18,كُرْسِيّ,كرسي,kursī,"chair, throne",کرسی,NOUN,MASCULINE,كَرَاسِيّ,ك ر س,home,2,1,images/words/cmq6hkx69002y145kyezfmyiz.jpg,018-kurs.jpg
cmq6hkx69002z145kcrkk57ww,19,غُرْفَة,غرفة,ghurfa,"room, chamber",کمرہ,NOUN,FEMININE,غُرَف,غ ر ف,home,2,5,images/words/cmq6hkx69002z145kcrkk57ww.jpg,019-ghurfa.jpg
cmq6hkx690030145kdo99yazo,20,مَكْتَب,مكتب,maktab,"desk, office",میز، دفتر,NOUN,MASCULINE,مَكَاتِب,ك ت ب,home|school,2,0,images/words/cmq6hkx690030145kdo99yazo.jpg,020-maktab.jpg
cmq6hkx690031145kknzr2kp6,21,مَاء,ماء,mā',water,پانی,NOUN,MASCULINE,مِيَاه,م و ه,food|nature,1,63,images/words/cmq6hkx690031145kknzr2kp6.jpg,021-m.jpg
cmq6hkx690032145kkcuegxp2,22,خُبْز,خبز,khubz,bread,روٹی,NOUN,MASCULINE,,خ ب ز,food,3,2,images/words/cmq6hkx690032145kkcuegxp2.jpg,022-khubz.jpg
cmq6hkx690033145ksmkuwfdd,23,تَمْر,تمر,tamr,dates (fruit),کھجور,NOUN,MASCULINE,,ت م ر,food,3,0,images/words/cmq6hkx690033145ksmkuwfdd.jpg,023-tamr.jpg
cmq6hkx690034145kqjng0zaw,24,لَبَن,لبن,laban,milk,دودھ,NOUN,MASCULINE,,ل ب ن,food,3,5,images/words/cmq6hkx690034145kqjng0zaw.jpg,024-laban.jpg
cmq6hkx690035145kcdss7nbt,25,طَعَام,طعام,ṭa'ām,"food, meal",کھانا,NOUN,MASCULINE,,ط ع م,food,3,16,images/words/cmq6hkx690035145kcdss7nbt.jpg,025-a-m.jpg
cmq6hkx690036145kar6wgkbh,26,يَوْم,يوم,yawm,day,دن,NOUN,MASCULINE,أَيَّام,ي و م,time,1,475,images/words/cmq6hkx690036145kar6wgkbh.jpg,026-yawm.jpg
cmq6hkx690037145knnf32qib,27,لَيْل,ليل,layl,night,رات,NOUN,MASCULINE,لَيَالٍ,ل ي ل,time,2,92,images/words/cmq6hkx690037145knnf32qib.jpg,027-layl.jpg
cmq6hkx690038145kejbk6jds,28,سَنَة,سنة,sana,year,سال,NOUN,FEMININE,سِنِين,س ن و,time,3,19,images/words/cmq6hkx690038145kejbk6jds.jpg,028-sana.jpg
cmq6hkx690039145kf7bhyhcd,29,سَاعَة,ساعة,sā'a,"hour, moment",گھنٹہ، لمحہ,NOUN,FEMININE,سَاعَات,س و ع,time,3,48,images/words/cmq6hkx690039145kf7bhyhcd.jpg,029-s-a.jpg
cmq6hkx69003a145k4zmfc7r2,30,وَقْت,وقت,waqt,"time, appointed time",وقت,NOUN,MASCULINE,أَوْقَات,و ق ت,time,2,13,images/words/cmq6hkx69003a145k4zmfc7r2.jpg,030-waqt.jpg
cmq6hkx69003b145kpy6sxr3k,31,سَمَاء,سماء,samā',"sky, heaven",آسمان,NOUN,FEMININE,سَمَاوَات,س م و,nature,1,392,images/words/cmq6hkx69003b145kpy6sxr3k.jpg,031-sam.jpg
cmq6hkx69003c145kkn60vech,32,أَرْض,ارض,arḍ,"earth, land",زمین,NOUN,FEMININE,أَرَاضٍ,أ ر ض,nature,1,461,images/words/cmq6hkx69003c145kkn60vech.jpg,032-ar.jpg
cmq6hkx69003d145kbd73qusk,33,شَمْس,شمس,shams,sun,سورج,NOUN,FEMININE,,ش م س,nature,2,33,images/words/cmq6hkx69003d145kbd73qusk.jpg,033-shams.jpg
cmq6hkx69003e145kplrd19hl,34,قَمَر,قمر,qamar,moon,چاند,NOUN,MASCULINE,أَقْمَار,ق م ر,nature,2,27,images/words/cmq6hkx69003e145kplrd19hl.jpg,034-qamar.jpg
cmq6hkx69003f145k5ynf0gx4,35,شَجَرَة,شجرة,shajara,tree,درخت,NOUN,FEMININE,أَشْجَار,ش ج ر,nature,3,26,images/words/cmq6hkx69003f145k5ynf0gx4.jpg,035-shajara.jpg
cmq6hkx69003g145kvunnwsux,36,صَلَاة,صلاة,ṣalāh,prayer,نماز,NOUN,FEMININE,صَلَوَات,ص ل و,worship,1,99,images/words/cmq6hkx69003g145kvunnwsux.jpg,036-al-h.jpg
cmq6hkx69003h145k5lku6vm3,37,صَوْم,صوم,ṣawm,fasting,روزہ,NOUN,MASCULINE,,ص و م,worship,4,8,images/words/cmq6hkx69003h145k5lku6vm3.jpg,037-awm.jpg
cmq6hkx69003i145k30l1myv1,38,زَكَاة,زكاة,zakāh,obligatory charity,زکوٰۃ,NOUN,FEMININE,,ز ك و,worship,4,32,images/words/cmq6hkx69003i145k30l1myv1.jpg,038-zak-h.jpg
cmq6hkx69003j145krb01isa3,39,حَجّ,حج,ḥajj,pilgrimage,حج,NOUN,MASCULINE,,ح ج ج,worship,5,10,images/words/cmq6hkx69003j145krb01isa3.jpg,039-ajj.jpg
cmq6hkx69003k145kzbmfyaxo,40,دُعَاء,دعاء,du'ā',supplication,دعا,NOUN,MASCULINE,أَدْعِيَة,د ع و,worship,3,20,images/words/cmq6hkx69003k145kzbmfyaxo.jpg,040-du.jpg
cmq6hkx69003l145ksfxvwyjo,41,رَبّ,رب,rabb,"Lord, Sustainer",رب، پالنے والا,NOUN,MASCULINE,أَرْبَاب,ر ب ب,quranic|worship,1,980,images/words/cmq6hkx69003l145ksfxvwyjo.jpg,041-rabb.jpg
cmq6hkx69003m145kpnelal5c,42,رَحْمَن,رحمن,raḥmān,Most Gracious,رحمٰن (بے حد رحم کرنے والا),ADJECTIVE,,,ر ح م,quranic|worship,1,57,images/words/cmq6hkx69003m145kpnelal5c.jpg,042-ra-m-n.jpg
cmq6hkx69003n145k04exedj1,43,رَحِيم,رحيم,raḥīm,Most Merciful,رحیم (بار بار رحم کرنے والا),ADJECTIVE,,,ر ح م,quranic|worship,1,115,images/words/cmq6hkx69003n145k04exedj1.jpg,043-ra-m.jpg
cmq6hkx69003o145knw1o7j9x,44,نُور,نور,nūr,light,نور، روشنی,NOUN,MASCULINE,أَنْوَار,ن و ر,quranic,2,43,images/words/cmq6hkx69003o145knw1o7j9x.jpg,044-n-r.jpg
cmq6hkx69003p145k7tg0bw8c,45,حَقّ,حق,ḥaqq,"truth, right",حق، سچ,NOUN,MASCULINE,حُقُوق,ح ق ق,quranic,2,287,images/words/cmq6hkx69003p145k7tg0bw8c.jpg,045-aqq.jpg
cmq6hkx69003q145kx7a0l799,46,قَرَأَ,قرا,qara'a,"he read, he recited",اس نے پڑھا,VERB_PAST,,,ق ر أ,verbs|school,1,88,images/words/cmq6hkx69003q145kx7a0l799.jpg,046-qara-a.jpg
cmq6hkx69003r145kea0i6oc6,47,كَتَبَ,كتب,kataba,he wrote,اس نے لکھا,VERB_PAST,,,ك ت ب,verbs,1,29,images/words/cmq6hkx69003r145kea0i6oc6.jpg,047-kataba.jpg
cmq6hkx69003s145kvdjrw9q8,48,ذَهَبَ,ذهب,dhahaba,he went,وہ چلا گیا,VERB_PAST,,,ذ ه ب,verbs,2,26,images/words/cmq6hkx69003s145kvdjrw9q8.jpg,048-dhahaba.jpg
cmq6hkx69003t145k35houznw,49,جَاءَ,جاء,jā'a,he came,وہ آیا,VERB_PAST,,,ج ي أ,verbs,2,228,images/words/cmq6hkx69003t145k35houznw.jpg,049-j-a.jpg
cmq6hkx69003u145knynz0fc4,50,عَلِمَ,علم,'alima,he knew,اس نے جانا,VERB_PAST,,,ع ل م,verbs,2,382,images/words/cmq6hkx69003u145knynz0fc4.jpg,050-alima.jpg
cmq6hkx69003v145kg8sb3t0h,51,سَفَر,سفر,safar,"journey, travel",سفر,NOUN,MASCULINE,أَسْفَار,س ف ر,travel,4,12,images/words/cmq6hkx69003v145kg8sb3t0h.jpg,051-safar.jpg
cmq6hkx69003w145klg153sjs,52,طَرِيق,طريق,ṭarīq,"road, path, way",راستہ,NOUN,MASCULINE,طُرُق,ط ر ق,travel,3,28,images/words/cmq6hkx69003w145klg153sjs.jpg,052-ar-q.jpg
cmq6hkx69003x145kf4iqyz7s,53,مَدِينَة,مدينة,madīna,city,شہر,NOUN,FEMININE,مُدُن,د ي ن,travel,3,14,images/words/cmq6hkx69003x145kf4iqyz7s.jpg,053-mad-na.jpg
cmq6hkx69003y145k4mmtp7bu,54,بَلَد,بلد,balad,"country, land",ملک، علاقہ,NOUN,MASCULINE,بِلَاد,ب ل د,travel,3,19,images/words/cmq6hkx69003y145k4mmtp7bu.jpg,054-balad.jpg
cmq6hkx69003z145kwxystivz,55,سَفِينَة,سفينة,safīna,"ship, boat",کشتی، جہاز,NOUN,FEMININE,سُفُن,س ف ن,travel,5,4,images/words/cmq6hkx69003z145kwxystivz.jpg,055-saf-na.jpg
cmq6hkx690040145kzwqx38yv,56,مَسْجِد,مسجد,masjid,mosque,مسجد,NOUN,MASCULINE,مَسَاجِد,س ج د,masjid|worship,2,28,images/words/cmq6hkx690040145kzwqx38yv.jpg,056-masjid.jpg
cmq6hkx690041145kxzdgb1kz,57,إِمَام,امام,imām,"imam, leader",امام,NOUN,MASCULINE,أَئِمَّة,أ م م,masjid,4,12,images/words/cmq6hkx690041145kxzdgb1kz.jpg,057-im-m.jpg
cmq6hkx690042145kgik2yojk,58,صَفّ,صف,ṣaff,"row, rank (in prayer)",صف,NOUN,MASCULINE,صُفُوف,ص ف ف,masjid,4,10,images/words/cmq6hkx690042145kgik2yojk.jpg,058-aff.jpg
cmq6hkx690043145kh89q5ghp,59,قِبْلَة,قبلة,qibla,prayer direction (toward Makkah),قبلہ,NOUN,FEMININE,,ق ب ل,masjid|worship,4,4,images/words/cmq6hkx690043145kh89q5ghp.jpg,059-qibla.jpg
cmq6hkx690044145krt1ulxz8,60,أَذَان,اذان,adhān,call to prayer,اذان,NOUN,MASCULINE,,أ ذ ن,masjid|worship,3,2,images/words/cmq6hkx690044145krt1ulxz8.jpg,060-adh-n.jpg
cmq6hkx690045145ky21s40e5,61,سُوق,سوق,sūq,"market, bazaar",بازار,NOUN,MASCULINE,أَسْوَاق,س و ق,marketplace,5,2,images/words/cmq6hkx690045145ky21s40e5.jpg,061-s-q.jpg
cmq6hkx690046145k5sxhze71,62,بَيْع,بيع,bay',"sale, selling",بیچنا، سودا,NOUN,MASCULINE,,ب ي ع,marketplace,5,9,images/words/cmq6hkx690046145k5sxhze71.jpg,062-bay.jpg
cmq6hkx690047145k4n6r8efd,63,شِرَاء,شراء,shirā',"purchase, buying",خریدنا,NOUN,MASCULINE,,ش ر ي,marketplace,5,6,images/words/cmq6hkx690047145k4n6r8efd.jpg,063-shir.jpg
cmq6hkx690048145k14etinbk,64,ثَمَن,ثمن,thaman,"price, value",قیمت,NOUN,MASCULINE,أَثْمَان,ث م ن,marketplace,5,10,images/words/cmq6hkx690048145k14etinbk.jpg,064-thaman.jpg
cmq6hkx690049145ki5hlljft,65,مَال,مال,māl,"wealth, property",مال، دولت,NOUN,MASCULINE,أَمْوَال,م و ل,marketplace,4,86,images/words/cmq6hkx690049145ki5hlljft.jpg,065-m-l.jpg
cmq6hkx69004a145kg4vnwbpp,66,مُعَلِّم,معلم,mu'allim,teacher,استاد,NOUN,MASCULINE,مُعَلِّمُون,ع ل م,school,3,0,images/words/cmq6hkx69004a145kg4vnwbpp.jpg,066-mu-allim.jpg
cmq6hkx69004b145kvoyxyb42,67,طَالِب,طالب,ṭālib,"student, seeker",طالب علم,NOUN,MASCULINE,طُلَّاب,ط ل ب,school,3,28,images/words/cmq6hkx69004b145kvoyxyb42.jpg,067-lib.jpg
cmq6hkx69004c145ka2d03huy,68,قَلَم,قلم,qalam,pen,قلم,NOUN,MASCULINE,أَقْلَام,ق ل م,school,1,4,images/words/cmq6hkx69004c145ka2d03huy.jpg,068-qalam.jpg
cmq6hkx69004d145k4wrt4ict,69,كِتَاب,كتاب,kitāb,book,کتاب,NOUN,MASCULINE,كُتُب,ك ت ب,school|quranic,1,230,images/words/cmq6hkx69004d145k4wrt4ict.jpg,069-kit-b.jpg
cmq6hkx69004e145kuqq3bqb2,70,دَرْس,درس,dars,"lesson, study",سبق,NOUN,MASCULINE,دُرُوس,د ر س,school,2,3,images/words/cmq6hkx69004e145kuqq3bqb2.jpg,070-dars.jpg
cmq6hkx69004f145kjqmcklf4,71,وَاحِد,واحد,wāḥid,one,ایک,NUMBER,MASCULINE,,و ح د,numbers,1,22,images/words/cmq6hkx69004f145kjqmcklf4.jpg,071-w-id.jpg
cmq6hkx69004g145k3lq186pa,72,اثْنَان,اثنان,ithnān,two,دو,NUMBER,MASCULINE,,ث ن ي,numbers,2,16,images/words/cmq6hkx69004g145k3lq186pa.jpg,072-ithn-n.jpg
cmq6hkx69004h145ko6asmt5f,73,ثَلَاثَة,ثلاثة,thalātha,three,تین,NUMBER,FEMININE,,ث ل ث,numbers,2,22,images/words/cmq6hkx69004h145ko6asmt5f.jpg,073-thal-tha.jpg
cmq6hkx69004i145kh9mfl65p,74,أَرْبَعَة,اربعة,arba'a,four,چار,NUMBER,FEMININE,,ر ب ع,numbers,2,12,images/words/cmq6hkx69004i145kh9mfl65p.jpg,074-arba-a.jpg
cmq6hkx69004j145kjimo77pv,75,خَمْسَة,خمسة,khamsa,five,پانچ,NUMBER,FEMININE,,خ م س,numbers,2,4,images/words/cmq6hkx69004j145kjimo77pv.jpg,075-khamsa.jpg
cmq6hkx69004k145kasl9omr4,76,أَبْيَض,ابيض,abyaḍ,white,سفید,ADJECTIVE,MASCULINE,بِيض,ب ي ض,colors,4,11,images/words/cmq6hkx69004k145kasl9omr4.jpg,076-abya.jpg
cmq6hkx69004l145kujgrof28,77,أَسْوَد,اسود,aswad,black,کالا,ADJECTIVE,MASCULINE,سُود,س و د,colors,4,7,images/words/cmq6hkx69004l145kujgrof28.jpg,077-aswad.jpg
cmq6hkx69004m145ko61xhfav,78,أَحْمَر,احمر,aḥmar,red,لال,ADJECTIVE,MASCULINE,حُمْر,ح م ر,colors,4,2,images/words/cmq6hkx69004m145ko61xhfav.jpg,078-a-mar.jpg
cmq6hkx69004n145kyiwdlmhk,79,أَخْضَر,اخضر,akhḍar,green,سبز,ADJECTIVE,MASCULINE,خُضْر,خ ض ر,colors,4,8,images/words/cmq6hkx69004n145kyiwdlmhk.jpg,079-akh-ar.jpg
cmq6hkx69004o145k4epowitk,80,أَصْفَر,اصفر,aṣfar,yellow,پیلا,ADJECTIVE,MASCULINE,صُفْر,ص ف ر,colors,4,4,images/words/cmq6hkx69004o145k4epowitk.jpg,080-a-far.jpg
cmq6hkx69004p145kkgqg4uhl,81,إِنْسَان,انسان,insān,human being,انسان,NOUN,MASCULINE,أُنَاس,أ ن س,people,1,65,images/words/cmq6hkx69004p145kkgqg4uhl.jpg,081-ins-n.jpg
cmq6hkx69004q145k7ho5zb6e,82,شَيْخ,شيخ,shaykh,"elder, scholar, sheikh",بزرگ، شیخ,NOUN,MASCULINE,شُيُوخ,ش ي خ,people,3,4,images/words/cmq6hkx69004q145k7ho5zb6e.jpg,082-shaykh.jpg
cmq6hkx69004r145kci97d5t7,83,شَابّ,شاب,shābb,"young man, youth",نوجوان,NOUN,MASCULINE,شَبَاب,ش ب ب,people,3,0,images/words/cmq6hkx69004r145kci97d5t7.jpg,083-sh-bb.jpg
cmq6hkx69004s145kx4bjbz3r,84,صَاحِب,صاحب,ṣāḥib,"companion, friend, owner",ساتھی، دوست، مالک,NOUN,MASCULINE,أَصْحَاب,ص ح ب,people,2,97,images/words/cmq6hkx69004s145kx4bjbz3r.jpg,084-ib.jpg
cmq6hkx69004t145k7wsyoic6,85,عَبْد,عبد,'abd,"servant, slave, worshipper",بندہ، غلام,NOUN,MASCULINE,عِبَاد,ع ب د,people|worship,1,282,images/words/cmq6hkx69004t145k7wsyoic6.jpg,085-abd.jpg
cmq6hkx69004u145kwp2aw8zt,86,قَوْم,قوم,qawm,"people, nation, tribe",قوم، لوگ,NOUN,MASCULINE,أَقْوَام,ق و م,people,3,383,images/words/cmq6hkx69004u145kwp2aw8zt.jpg,086-qawm.jpg
cmq6hkx69004v145ktvfidqji,87,أُمَّة,امة,umma,"nation, community, people",امت، قوم,NOUN,FEMININE,أُمَم,أ م م,people,4,64,images/words/cmq6hkx69004v145ktvfidqji.jpg,087-umma.jpg
cmq6hkx69004w145kvtx7svz2,88,مُؤْمِن,مومن,mu'min,believer,مومن، ایمان والا,NOUN,MASCULINE,مُؤْمِنُون,أ م ن,people|worship,2,226,images/words/cmq6hkx69004w145kvtx7svz2.jpg,088-mu-min.jpg
cmq6hkx69004x145klm7nyuh4,89,مُسْلِم,مسلم,muslim,"Muslim, one who submits",مسلمان,NOUN,MASCULINE,مُسْلِمُون,س ل م,people|worship,2,40,images/words/cmq6hkx69004x145klm7nyuh4.jpg,089-muslim.jpg
cmq6hkx69004y145kebk48lxr,90,كَافِر,كافر,kāfir,"disbeliever, one who rejects",کافر,NOUN,MASCULINE,كَافِرُون,ك ف ر,people,5,154,images/words/cmq6hkx69004y145kebk48lxr.jpg,090-k-fir.jpg
cmq6hkx69004z145kanepnpdz,91,نَبِيّ,نبي,nabī,prophet,نبی,NOUN,MASCULINE,أَنْبِيَاء,ن ب أ,people|quranic,3,75,images/words/cmq6hkx69004z145kanepnpdz.jpg,091-nab.jpg
cmq6hkx690050145kq7ulgulf,92,رَسُول,رسول,rasūl,"messenger, apostle",رسول، پیغمبر,NOUN,MASCULINE,رُسُل,ر س ل,people|quranic,3,513,images/words/cmq6hkx690050145kq7ulgulf.jpg,092-ras-l.jpg
cmq6hkx690051145kuuumcyp0,93,مَلَك,ملك,malak,angel,فرشتہ,NOUN,MASCULINE,مَلَائِكَة,م ل ك,people|quranic,4,88,images/words/cmq6hkx690051145kuuumcyp0.jpg,093-malak.jpg
cmq6hkx690052145ka34q50vx,94,ظَالِم,ظالم,ẓālim,"wrongdoer, oppressor",ظالم,NOUN,MASCULINE,ظَالِمُون,ظ ل م,people,5,94,images/words/cmq6hkx690052145ka34q50vx.jpg,094-lim.jpg
cmq6hkx690053145ktgj9gufu,95,عَالِم,عالم,'ālim,"scholar, one who knows",عالم، جاننے والا,NOUN,MASCULINE,عُلَمَاء,ع ل م,people|school,3,140,images/words/cmq6hkx690053145ktgj9gufu.jpg,095-lim.jpg
cmq6hkx690054145khsj551ko,96,فَقِير,فقير,faqīr,"poor, needy person",غریب، فقیر,NOUN,MASCULINE,فُقَرَاء,ف ق ر,people,4,16,images/words/cmq6hkx690054145khsj551ko.jpg,096-faq-r.jpg
cmq6hkx690055145ktxtgghvt,97,غَنِيّ,غني,ghanī,"rich, self-sufficient",امیر، بے نیاز,ADJECTIVE,MASCULINE,أَغْنِيَاء,غ ن ي,people,4,18,images/words/cmq6hkx690055145ktxtgghvt.jpg,097-ghan.jpg
cmq6hkx690056145kci30j8p7,98,جَار,جار,jār,neighbor,پڑوسی,NOUN,MASCULINE,جِيرَان,ج و ر,people,4,4,images/words/cmq6hkx690056145kci30j8p7.jpg,098-j-r.jpg
cmq6hkx690057145klsefzgmf,99,ضَيْف,ضيف,ḍayf,guest,مہمان,NOUN,MASCULINE,ضُيُوف,ض ي ف,people,4,4,images/words/cmq6hkx690057145klsefzgmf.jpg,099-ayf.jpg
cmq6hkx690058145kxdmy7sd4,100,شَهِيد,شهيد,shahīd,"martyr, witness",شہید، گواہ,NOUN,MASCULINE,شُهَدَاء,ش ه د,people|worship,5,56,images/words/cmq6hkx690058145kxdmy7sd4.jpg,100-shah-d.jpg
cmq6hkx690059145kkzsapcpp,101,يَتِيم,يتيم,yatīm,orphan,یتیم,NOUN,MASCULINE,يَتَامَى,ي ت م,people,5,23,images/words/cmq6hkx690059145kkzsapcpp.jpg,101-yat-m.jpg
cmq6hkx69005a145ki8abz3nn,102,مِسْكِين,مسكين,miskīn,"poor, destitute",مسکین، غریب,NOUN,MASCULINE,مَسَاكِين,س ك ن,people,5,23,images/words/cmq6hkx69005a145ki8abz3nn.jpg,102-misk-n.jpg
cmq6hkx69005b145kt7wa38y2,103,عَدُوّ,عدو,'aduww,enemy,دشمن,NOUN,MASCULINE,أَعْدَاء,ع د و,people,5,102,images/words/cmq6hkx69005b145kt7wa38y2.jpg,103-aduww.jpg
cmq6hkx69005c145kse4rxv9r,104,صَدِيق,صديق,ṣadīq,"friend, truthful one",دوست، صدیق,NOUN,MASCULINE,أَصْدِقَاء,ص د ق,people,4,6,images/words/cmq6hkx69005c145kse4rxv9r.jpg,104-ad-q.jpg
cmq6hkx69005d145ku43aeagb,105,مَلِك,ملك,malik,"king, ruler",بادشاہ,NOUN,MASCULINE,مُلُوك,م ل ك,people|quranic,3,56,images/words/cmq6hkx69005d145ku43aeagb.jpg,105-malik.jpg
cmq6hkx69005e145kwwyy9fe5,106,أَمِير,امير,amīr,"prince, commander, leader",امیر، سردار,NOUN,MASCULINE,أُمَرَاء,أ م ر,people,5,0,images/words/cmq6hkx69005e145kwwyy9fe5.jpg,106-am-r.jpg
cmq6hkx69005f145kqjerrph8,107,خَادِم,خادم,khādim,"servant, attendant",خادم، ملازم,NOUN,MASCULINE,خَدَم,خ د م,people,4,0,images/words/cmq6hkx69005f145kqjerrph8.jpg,107-kh-dim.jpg
cmq6hkx6a005g145kscq2t3cc,108,مُسَافِر,مسافر,musāfir,traveler,مسافر,NOUN,MASCULINE,مُسَافِرُون,س ف ر,people|travel,4,0,images/words/cmq6hkx6a005g145kscq2t3cc.jpg,108-mus-fir.jpg
cmq6hkx6a005h145ktz5zeguz,109,طَبِيب,طبيب,ṭabīb,"doctor, physician",طبیب، ڈاکٹر,NOUN,MASCULINE,أَطِبَّاء,ط ب ب,people,6,0,images/words/cmq6hkx6a005h145ktz5zeguz.jpg,109-ab-b.jpg
cmq6hkx6a005i145kd0rv0j2r,110,تَاجِر,تاجر,tājir,"merchant, trader",تاجر,NOUN,MASCULINE,تُجَّار,ت ج ر,people|marketplace,5,0,images/words/cmq6hkx6a005i145kd0rv0j2r.jpg,110-t-jir.jpg
cmq6hkx6a005j145k3si51nvp,111,شَاهِد,شاهد,shāhid,witness,گواہ,NOUN,MASCULINE,شُهُود,ش ه د,people,5,22,images/words/cmq6hkx6a005j145k3si51nvp.jpg,111-sh-hid.jpg
cmq6hkx6a005k145kb35rxwkm,112,قَاضِي,قاضي,qāḍī,judge,قاضی,NOUN,MASCULINE,قُضَاة,ق ض و,people,6,0,images/words/cmq6hkx6a005k145kb35rxwkm.jpg,112-q.jpg
cmq6hkx6a005l145k8skcrueu,113,وَلِيّ,ولي,walī,"guardian, protector, saint",ولی، سرپرست,NOUN,MASCULINE,أَوْلِيَاء,و ل ي,people|quranic,4,231,images/words/cmq6hkx6a005l145k8skcrueu.jpg,113-wal.jpg
cmq6hkx6a005m145k254vqkkd,114,حَاجّ,حاج,ḥājj,pilgrim,حاجی,NOUN,MASCULINE,حُجَّاج,ح ج ج,people|worship|travel,5,0,images/words/cmq6hkx6a005m145k254vqkkd.jpg,114-jj.jpg
cmq6hkx6a005n145k36bz0uj9,115,فَلَّاح,فلاح,fallāḥ,farmer,کسان، زمیندار,NOUN,MASCULINE,فَلَّاحُون,ف ل ح,people,6,0,images/words/cmq6hkx6a005n145k36bz0uj9.jpg,115-fall.jpg
cmq6hkx6a005o145k1f1o6z8o,116,زَوْج,زوج,zawj,"husband, spouse, pair",شوہر، جوڑا,NOUN,MASCULINE,أَزْوَاج,ز و ج,family,3,81,images/words/cmq6hkx6a005o145k1f1o6z8o.jpg,116-zawj.jpg
cmq6hkx6a005p145kpmku5dbu,117,زَوْجَة,زوجة,zawja,wife,بیوی,NOUN,FEMININE,زَوْجَات,ز و ج,family,3,0,images/words/cmq6hkx6a005p145kpmku5dbu.jpg,117-zawja.jpg
cmq6hkx6a005q145kyx8zit9y,118,جَدّ,جد,jadd,grandfather,دادا، نانا,NOUN,MASCULINE,أَجْدَاد,ج د د,family,3,0,images/words/cmq6hkx6a005q145kyx8zit9y.jpg,118-jadd.jpg
cmq6hkx6a005r145kkzrif2xn,119,جَدَّة,جدة,jadda,grandmother,دادی، نانی,NOUN,FEMININE,جَدَّات,ج د د,family,3,0,images/words/cmq6hkx6a005r145kkzrif2xn.jpg,119-jadda.jpg
cmq6hkx6a005s145kpzbfz3gy,120,عَمّ,عم,'amm,paternal uncle,چچا,NOUN,MASCULINE,أَعْمَام,ع م م,family,3,3,images/words/cmq6hkx6a005s145kpzbfz3gy.jpg,120-amm.jpg
cmq6hkx6a005t145kihsi0isn,121,عَمَّة,عمة,'amma,paternal aunt,پھوپھی,NOUN,FEMININE,عَمَّات,ع م م,family,3,0,images/words/cmq6hkx6a005t145kihsi0isn.jpg,121-amma.jpg
cmq6hkx6a005u145kx9b6fotz,122,خَال,خال,khāl,maternal uncle,ماموں,NOUN,MASCULINE,أَخْوَال,خ و ل,family,3,0,images/words/cmq6hkx6a005u145kx9b6fotz.jpg,122-kh-l.jpg
cmq6hkx6a005v145kn711b4fq,123,خَالَة,خالة,khāla,maternal aunt,خالہ,NOUN,FEMININE,خَالَات,خ و ل,family,3,0,images/words/cmq6hkx6a005v145kn711b4fq.jpg,123-kh-la.jpg
cmq6hkx6a005w145kfy1apzk1,124,أَهْل,اهل,ahl,"family, people of",اہل، گھر والے,NOUN,MASCULINE,أَهَالِي,أ ه ل,family,2,127,images/words/cmq6hkx6a005w145kfy1apzk1.jpg,124-ahl.jpg
cmq6hkx6a005x145kq49cou23,125,عَائِلَة,عائلة,'ā'ila,"family, household",خاندان، گھرانہ,NOUN,FEMININE,عَائِلَات,ع و ل,family,3,0,images/words/cmq6hkx6a005x145kq49cou23.jpg,125-ila.jpg
cmq6hkx6a005y145k0bvioue8,126,قَرِيب,قريب,qarīb,"relative, near",رشتہ دار، قریب,NOUN,MASCULINE,أَقَارِب,ق ر ب,family,3,96,images/words/cmq6hkx6a005y145k0bvioue8.jpg,126-qar-b.jpg
cmq6hkx6a005z145kh6wa76pz,127,حَفِيد,حفيد,ḥafīd,grandson,پوتا، نواسہ,NOUN,MASCULINE,أَحْفَاد,ح ف د,family,4,0,images/words/cmq6hkx6a005z145kh6wa76pz.jpg,127-af-d.jpg
cmq6hkx6a0060145krquhwveq,128,ذُرِّيَّة,ذرية,dhurriyya,"offspring, progeny, descendants",اولاد، ذریت,NOUN,FEMININE,ذُرِّيَّات,ذ ر ر,family|quranic,4,41,images/words/cmq6hkx6a0060145krquhwveq.jpg,128-dhurriyya.jpg
cmq6hkx6a0061145kypgpx5gc,129,وَالِد,والد,wālid,father (formal),والد,NOUN,MASCULINE,وَالِدَان,و ل د,family,2,20,images/words/cmq6hkx6a0061145kypgpx5gc.jpg,129-w-lid.jpg
cmq6hkx6a0062145k8n8foto7,130,وَالِدَة,والدة,wālida,mother (formal),والدہ,NOUN,FEMININE,وَالِدَات,و ل د,family,2,10,images/words/cmq6hkx6a0062145k8n8foto7.jpg,130-w-lida.jpg
cmq6hkx6a0063145kdv74u6sa,131,نَسَب,نسب,nasab,"lineage, descent",نسب، خاندان,NOUN,MASCULINE,أَنْسَاب,ن س ب,family|quranic,5,3,images/words/cmq6hkx6a0063145kdv74u6sa.jpg,131-nasab.jpg
cmq6hkx6a0064145kcolfsve5,132,رَحِم,رحم,raḥim,"womb, kinship ties",رحم، رشتہ داری,NOUN,MASCULINE,أَرْحَام,ر ح م,family|quranic,4,16,images/words/cmq6hkx6a0064145kcolfsve5.jpg,132-ra-im.jpg
cmq6hkx6a0065145kyr17cpua,133,أَقَارِب,اقارب,aqārib,"relatives, kinfolk",اقارب، رشتہ دار,NOUN,MASCULINE,,ق ر ب,family,4,2,images/words/cmq6hkx6a0065145kyr17cpua.jpg,133-aq-rib.jpg
cmq6hkx6a0066145k35qmn3eo,134,يَتَامَى,يتامى,yatāmā,orphans (plural),یتیم (جمع),NOUN,MASCULINE,,ي ت م,family|people,5,22,images/words/cmq6hkx6a0066145k35qmn3eo.jpg,134-yat-m.jpg
cmq6hkx6a0067145kd15xbap4,135,إِخْوَة,اخوة,ikhwa,"brothers, brethren",بھائی (جمع)، بھائی چارہ,NOUN,MASCULINE,,أ خ و,family|worship,2,22,images/words/cmq6hkx6a0067145kd15xbap4.jpg,135-ikhwa.jpg
cmq6hkx6a0068145ko9ad5kcf,136,قَدَم,قدم,qadam,"foot, step",پاؤں، قدم,NOUN,FEMININE,أَقْدَام,ق د م,body,2,14,images/words/cmq6hkx6a0068145ko9ad5kcf.jpg,136-qadam.jpg
cmq6hkx6a0069145ka6ts7rob,137,ظَهْر,ظهر,ẓahr,back,پیٹھ,NOUN,MASCULINE,ظُهُور,ظ ه ر,body,3,22,images/words/cmq6hkx6a0069145ka6ts7rob.jpg,137-ahr.jpg
cmq6hkx6a006a145kkx666qlc,138,بَطْن,بطن,baṭn,"belly, stomach",پیٹ,NOUN,MASCULINE,بُطُون,ب ط ن,body,3,33,images/words/cmq6hkx6a006a145kkx666qlc.jpg,138-ba-n.jpg
cmq6hkx6a006b145kz9ex4akl,139,صَدْر,صدر,ṣadr,"chest, breast",سینہ,NOUN,MASCULINE,صُدُور,ص د ر,body|quranic,3,44,images/words/cmq6hkx6a006b145kz9ex4akl.jpg,139-adr.jpg
cmq6hkx6a006c145ki7qh58ox,140,رَقَبَة,رقبة,raqaba,neck,گردن,NOUN,FEMININE,رِقَاب,ر ق ب,body,3,6,images/words/cmq6hkx6a006c145ki7qh58ox.jpg,140-raqaba.jpg
cmq6hkx6a006d145kvko9838u,141,شَعْر,شعر,sha'r,hair,بال,NOUN,MASCULINE,شُعُور,ش ع ر,body,3,2,images/words/cmq6hkx6a006d145kvko9838u.jpg,141-sha-r.jpg
cmq6hkx6a006e145k3qemvvu0,142,أُذُن,اذن,udhun,ear,کان,NOUN,FEMININE,آذَان,أ ذ ن,body,2,19,images/words/cmq6hkx6a006e145k3qemvvu0.jpg,142-udhun.jpg
cmq6hkx6a006f145khia0r7o3,143,أَنْف,انف,anf,nose,ناک,NOUN,MASCULINE,أُنُوف,أ ن ف,body,3,3,images/words/cmq6hkx6a006f145khia0r7o3.jpg,143-anf.jpg
cmq6hkx6a006g145k76b1214o,144,فَم,فم,fam,mouth,منہ,NOUN,MASCULINE,أَفْوَاه,ف و ه,body,3,10,images/words/cmq6hkx6a006g145k76b1214o.jpg,144-fam.jpg
cmq6hkx6a006h145k9qzk6583,145,لِسَان,لسان,lisān,"tongue, language",زبان,NOUN,MASCULINE,أَلْسِنَة,ل س ن,body,3,25,images/words/cmq6hkx6a006h145k9qzk6583.jpg,145-lis-n.jpg
cmq6hkx6a006i145kihgk63d0,146,سِنّ,سن,sinn,"tooth, age",دانت، عمر,NOUN,FEMININE,أَسْنَان,س ن ن,body,4,5,images/words/cmq6hkx6a006i145kihgk63d0.jpg,146-sinn.jpg
cmq6hkx6a006j145kj459hso4,147,شَفَة,شفة,shafa,lip,ہونٹ,NOUN,FEMININE,شِفَاه,ش ف ه,body,4,2,images/words/cmq6hkx6a006j145kj459hso4.jpg,147-shafa.jpg
cmq6hkx6a006k145klzmxtzz1,148,كَتِف,كتف,katif,shoulder,کندھا,NOUN,FEMININE,أَكْتَاف,ك ت ف,body,4,0,images/words/cmq6hkx6a006k145klzmxtzz1.jpg,148-katif.jpg
cmq6hkx6a006l145k46fs78lp,149,ذِرَاع,ذراع,dhirā',"arm, forearm",بازو,NOUN,FEMININE,أَذْرُع,ذ ر ع,body,4,4,images/words/cmq6hkx6a006l145k46fs78lp.jpg,149-dhir.jpg
cmq6hkx6a006m145kbka9pr0g,150,أُصْبُع,اصبع,uṣbu',finger,انگلی,NOUN,FEMININE,أَصَابِع,ص ب ع,body,4,2,images/words/cmq6hkx6a006m145kbka9pr0g.jpg,150-u-bu.jpg
cmq6hkx6a006n145kjcv439tg,151,رُكْبَة,ركبة,rukba,knee,گھٹنا,NOUN,FEMININE,رُكَب,ر ك ب,body,4,0,images/words/cmq6hkx6a006n145kjcv439tg.jpg,151-rukba.jpg
cmq6hkx6a006o145kcy024uwd,152,سَاق,ساق,sāq,"leg, shin",پنڈلی,NOUN,FEMININE,سِيقَان,س و ق,body,4,3,images/words/cmq6hkx6a006o145kcy024uwd.jpg,152-s-q.jpg
cmq6hkx6a006p145kjhbtnain,153,جِلْد,جلد,jild,"skin, leather",جلد، چمڑا,NOUN,MASCULINE,جُلُود,ج ل د,body,4,6,images/words/cmq6hkx6a006p145kjhbtnain.jpg,153-jild.jpg
cmq6hkx6a006q145kayg49j7b,154,دَم,دم,dam,blood,خون,NOUN,MASCULINE,دِمَاء,د م و,body,3,10,images/words/cmq6hkx6a006q145kayg49j7b.jpg,154-dam.jpg
cmq6hkx6a006r145kkj00pri5,155,عَظْم,عظم,'aẓm,bone,ہڈی,NOUN,MASCULINE,عِظَام,ع ظ م,body,4,16,images/words/cmq6hkx6a006r145kkj00pri5.jpg,155-a-m.jpg
cmq6hkx6a006s145kwjr07rnv,156,نَفْس,نفس,nafs,"self, soul, breath",نفس، جان، آپ,NOUN,FEMININE,أَنْفُس,ن ف س,body|quranic,2,295,images/words/cmq6hkx6a006s145kwjr07rnv.jpg,156-nafs.jpg
cmq6hkx6a006t145kdn9wjix9,157,رُوح,روح,rūḥ,"spirit, soul",روح,NOUN,MASCULINE,أَرْوَاح,ر و ح,body|quranic,5,24,images/words/cmq6hkx6a006t145kdn9wjix9.jpg,157-r.jpg
cmq6hkx6a006u145k2xyoc5m2,158,لَحْم,لحم,laḥm,"flesh, meat",گوشت,NOUN,MASCULINE,لُحُوم,ل ح م,body|food,3,9,images/words/cmq6hkx6a006u145k2xyoc5m2.jpg,158-la-m.jpg
cmq6hkx6a006v145knxmvqm9m,159,عَقْل,عقل,'aql,"mind, intellect, reason",عقل، دماغ,NOUN,MASCULINE,عُقُول,ع ق ل,body,3,0,images/words/cmq6hkx6a006v145knxmvqm9m.jpg,159-aql.jpg
cmq6hkx6a006w145k9axyjqnv,160,جِسْم,جسم,jism,body,جسم,NOUN,MASCULINE,أَجْسَام,ج س م,body,2,2,images/words/cmq6hkx6a006w145k9axyjqnv.jpg,160-jism.jpg
cmq6hkx6a006x145ka9j9ygzx,161,جَبِين,جبين,jabīn,forehead,پیشانی,NOUN,MASCULINE,أَجْبِنَة,ج ب ن,body,4,1,images/words/cmq6hkx6a006x145ka9j9ygzx.jpg,161-jab-n.jpg
cmq6hkx6a006y145ki9ivaf4y,162,خَدّ,خد,khadd,cheek,گال,NOUN,MASCULINE,خُدُود,خ د د,body,4,2,images/words/cmq6hkx6a006y145ki9ivaf4y.jpg,162-khadd.jpg
cmq6hkx6a006z145kmvtfdri4,163,يَمِين,يمين,yamīn,"right hand, oath",دائیں ہاتھ، قسم,NOUN,FEMININE,أَيْمَان,ي م ن,body|quranic,3,72,images/words/cmq6hkx6a006z145kmvtfdri4.jpg,163-yam-n.jpg
cmq6hkx6a0070145k8ny6wh7d,164,كَبِد,كبد,kabid,liver,جگر,NOUN,FEMININE,أَكْبَاد,ك ب د,body,5,2,images/words/cmq6hkx6a0070145k8ny6wh7d.jpg,164-kabid.jpg
cmq6hkx6a0071145kbtdmvmps,165,حَلْق,حلق,ḥalq,"throat, gullet",گلا، حلق,NOUN,MASCULINE,حُلُوق,ح ل ق,body,5,2,images/words/cmq6hkx6a0071145kbtdmvmps.jpg,165-alq.jpg
cmq6hkx6a0072145kj346u7dl,166,نَافِذَة,نافذة,nāfidha,window,کھڑکی,NOUN,FEMININE,نَوَافِذ,ن ف ذ,home,3,0,images/words/cmq6hkx6a0072145kj346u7dl.jpg,166-n-fidha.jpg
cmq6hkx6a0073145k8z16ip16,167,سَقْف,سقف,saqf,"ceiling, roof",چھت,NOUN,MASCULINE,سُقُوف,س ق ف,home,3,3,images/words/cmq6hkx6a0073145k8z16ip16.jpg,167-saqf.jpg
cmq6hkx6a0074145kj4ugu11d,168,جِدَار,جدار,jidār,wall,دیوار,NOUN,MASCULINE,جُدُر,ج د ر,home,3,4,images/words/cmq6hkx6a0074145kj4ugu11d.jpg,168-jid-r.jpg
cmq6hkx6a0075145ko47ku7cc,169,سِلَّم,سلم,sullam,"staircase, ladder",سیڑھی,NOUN,MASCULINE,سَلَالِم,س ل م,home,4,1,images/words/cmq6hkx6a0075145ko47ku7cc.jpg,169-sullam.jpg
cmq6hkx6a0076145k8td4edbb,170,مِفْتَاح,مفتاح,miftāḥ,key,چابی,NOUN,MASCULINE,مَفَاتِيح,ف ت ح,home,3,2,images/words/cmq6hkx6a0076145k8td4edbb.jpg,170-mift.jpg
cmq6hkx6a0077145kt2fc6vag,171,سَرِير,سرير,sarīr,"bed, throne",بستر,NOUN,MASCULINE,سُرُر,س ر ر,home,3,9,images/words/cmq6hkx6a0077145kt2fc6vag.jpg,171-sar-r.jpg
cmq6hkx6a0078145khfyt3e1s,172,وِسَادَة,وسادة,wisāda,"pillow, cushion",تکیہ,NOUN,FEMININE,وَسَائِد,و س د,home,3,0,images/words/cmq6hkx6a0078145khfyt3e1s.jpg,172-wis-da.jpg
cmq6hkx6a0079145k02xr0tvv,173,بِسَاط,بساط,bisāṭ,"carpet, spread",قالین، دری,NOUN,MASCULINE,بُسُط,ب س ط,home,3,1,images/words/cmq6hkx6a0079145k02xr0tvv.jpg,173-bis.jpg
cmq6hkx6a007a145k34u93ime,174,مِصْبَاح,مصباح,miṣbāḥ,"lamp, light",چراغ، لیمپ,NOUN,MASCULINE,مَصَابِيح,ص ب ح,home,3,4,images/words/cmq6hkx6a007a145k34u93ime.jpg,174-mi-b.jpg
cmq6hkx6a007b145kdwzllb10,175,طَاوِلَة,طاولة,ṭāwila,table,میز,NOUN,FEMININE,طَاوِلَات,ط و ل,home,2,0,images/words/cmq6hkx6a007b145kdwzllb10.jpg,175-wila.jpg
cmq6hkx6a007c145ki01vtt9e,176,مَطْبَخ,مطبخ,maṭbakh,kitchen,باورچی خانہ,NOUN,MASCULINE,مَطَابِخ,ط ب خ,home,3,0,images/words/cmq6hkx6a007c145ki01vtt9e.jpg,176-ma-bakh.jpg
cmq6hkx6a007d145kju50d60m,177,حَمَّام,حمام,ḥammām,"bathroom, bath",غسل خانہ,NOUN,MASCULINE,حَمَّامَات,ح م م,home,3,0,images/words/cmq6hkx6a007d145kju50d60m.jpg,177-amm-m.jpg
cmq6hkx6a007e145km8ilplas,178,حَدِيقَة,حديقة,ḥadīqa,garden,باغ,NOUN,FEMININE,حَدَائِق,ح د ق,home|nature,3,6,images/words/cmq6hkx6a007e145km8ilplas.jpg,178-ad-qa.jpg
cmq6hkx6a007f145ku5z447fz,179,خِزَانَة,خزانة,khizāna,"wardrobe, cupboard, treasury",الماری، خزانہ,NOUN,FEMININE,خَزَائِن,خ ز ن,home,4,9,images/words/cmq6hkx6a007f145ku5z447fz.jpg,179-khiz-na.jpg
cmq6hkx6a007g145k1j703sfi,180,مِرْآة,مرآة,mir'āh,mirror,آئینہ,NOUN,FEMININE,مَرَايَا,ر أ ي,home,4,0,images/words/cmq6hkx6a007g145k1j703sfi.jpg,180-mir-h.jpg
cmq6hkx6a007h145klpngkoev,181,كُوب,كوب,kūb,"cup, glass",کپ، گلاس,NOUN,MASCULINE,أَكْوَاب,ك و ب,home,3,4,images/words/cmq6hkx6a007h145klpngkoev.jpg,181-k-b.jpg
cmq6hkx6a007i145kf21cyjmq,182,طَبَق,طبق,ṭabaq,"plate, dish, layer",طشتری، پرت,NOUN,MASCULINE,أَطْبَاق,ط ب ق,home,3,3,images/words/cmq6hkx6a007i145kf21cyjmq.jpg,182-abaq.jpg
cmq6hkx6a007j145kyzksk7ce,183,فِرَاش,فراش,firāsh,"bed, bedding, mattress",بچھونا، بستر,NOUN,MASCULINE,فُرُش,ف ر ش,home,3,4,images/words/cmq6hkx6a007j145kyzksk7ce.jpg,183-fir-sh.jpg
cmq6hkx6a007k145kd1awmhdz,184,مَنْزِل,منزل,manzil,"dwelling, house, stopping place",منزل، گھر,NOUN,MASCULINE,مَنَازِل,ن ز ل,home|travel,2,5,images/words/cmq6hkx6a007k145kd1awmhdz.jpg,184-manzil.jpg
cmq6hkx6a007l145kf2zsvbqj,185,خَيْمَة,خيمة,khayma,tent,خیمہ,NOUN,FEMININE,خِيَام,خ ي م,home|travel,4,1,images/words/cmq6hkx6a007l145kf2zsvbqj.jpg,185-khayma.jpg
cmq6hkx6a007m145kuzpmi4xc,186,مَزْرَعَة,مزرعة,mazra'a,"farm, field",کھیت، فارم,NOUN,FEMININE,مَزَارِع,ز ر ع,home|nature,5,0,images/words/cmq6hkx6a007m145kuzpmi4xc.jpg,186-mazra-a.jpg
cmq6hkx6a007n145k826gbdax,187,قَصْر,قصر,qaṣr,"palace, castle",محل,NOUN,MASCULINE,قُصُور,ق ص ر,home,5,5,images/words/cmq6hkx6a007n145k826gbdax.jpg,187-qa-r.jpg
cmq6hkx6a007o145k9uya0my5,188,ضَوْء,ضوء,ḍaw',"light, brightness",روشنی,NOUN,MASCULINE,أَضْوَاء,ض و أ,home|nature,2,7,images/words/cmq6hkx6a007o145k9uya0my5.jpg,188-aw.jpg
cmq6hkx6a007p145kz60bmzq6,189,صُنْدُوق,صندوق,ṣundūq,"box, chest",صندوق,NOUN,MASCULINE,صَنَادِيق,ص ن د ق,home,4,2,images/words/cmq6hkx6a007p145kz60bmzq6.jpg,189-und-q.jpg
cmq6hkx6a007q145k915riup1,190,سَتَارَة,ستارة,satāra,"curtain, screen",پردہ,NOUN,FEMININE,سَتَائِر,س ت ر,home,4,0,images/words/cmq6hkx6a007q145k915riup1.jpg,190-sat-ra.jpg
cmq6hkx6a007r145kpxex64l8,191,أَرُزّ,ارز,aruzz,rice,چاول,NOUN,MASCULINE,,أ ر ز,food,3,0,images/words/cmq6hkx6a007r145kpxex64l8.jpg,191-aruzz.jpg
cmq6hkx6a007s145koap7w7li,192,سَمَك,سمك,samak,fish,مچھلی,NOUN,MASCULINE,أَسْمَاك,س م ك,food|nature,3,2,images/words/cmq6hkx6a007s145koap7w7li.jpg,192-samak.jpg
cmq6hkx6a007t145kceyt5qw2,193,بَيْض,بيض,bayḍ,eggs,انڈا، انڈے,NOUN,MASCULINE,,ب ي ض,food,3,1,images/words/cmq6hkx6a007t145kceyt5qw2.jpg,193-bay.jpg
cmq6hkx6a007u145k7wxp27em,194,زَيْت,زيت,zayt,"oil, olive oil",تیل، زیتون کا تیل,NOUN,MASCULINE,زُيُوت,ز ي ت,food,3,3,images/words/cmq6hkx6a007u145k7wxp27em.jpg,194-zayt.jpg
cmq6hkx6a007v145kolmqj2dp,195,عَسَل,عسل,'asal,honey,شہد,NOUN,MASCULINE,,ع س ل,food,3,2,images/words/cmq6hkx6a007v145kolmqj2dp.jpg,195-asal.jpg
cmq6hkx6a007w145k4m5xh1ff,196,فَاكِهَة,فاكهة,fākiha,fruit,پھل,NOUN,FEMININE,فَوَاكِه,ف ك ه,food,3,11,images/words/cmq6hkx6a007w145k4m5xh1ff.jpg,196-f-kiha.jpg
cmq6hkx6a007x145kgu3prebq,197,خُضَار,خضار,khuḍār,"vegetables, greens",سبزی,NOUN,MASCULINE,,خ ض ر,food,3,0,images/words/cmq6hkx6a007x145kgu3prebq.jpg,197-khu-r.jpg
cmq6hkx6a007y145ky46fpsck,198,مِلْح,ملح,milḥ,salt,نمک,NOUN,MASCULINE,,م ل ح,food,4,1,images/words/cmq6hkx6a007y145ky46fpsck.jpg,198-mil.jpg
cmq6hkx6a007z145kukvlyljb,199,سُكَّر,سكر,sukkar,sugar,چینی,NOUN,MASCULINE,,س ك ر,food,4,0,images/words/cmq6hkx6a007z145kukvlyljb.jpg,199-sukkar.jpg
cmq6hkx6a0080145k38bdosyx,200,قَهْوَة,قهوة,qahwa,coffee,قہوہ، کافی,NOUN,FEMININE,,ق ه و,food,4,0,images/words/cmq6hkx6a0080145k38bdosyx.jpg,200-qahwa.jpg
cmq6hkx6a0081145k0c3m15xl,201,شَاي,شاي,shāy,tea,چائے,NOUN,MASCULINE,,,food,4,0,images/words/cmq6hkx6a0081145k0c3m15xl.jpg,201-sh-y.jpg
cmq6hkx6a0082145k1q5i9n6e,202,عِنَب,عنب,'inab,grapes,انگور,NOUN,MASCULINE,أَعْنَاب,ع ن ب,food|nature,3,11,images/words/cmq6hkx6a0082145k1q5i9n6e.jpg,202-inab.jpg
cmq6hkx6a0083145k9ftq01m7,203,زَيْتُون,زيتون,zaytūn,olive,زیتون,NOUN,MASCULINE,,ز ي ت,food|nature,3,7,images/words/cmq6hkx6a0083145k9ftq01m7.jpg,203-zayt-n.jpg
cmq6hkx6a0084145k7owc3tox,204,رُمَّان,رمان,rummān,pomegranate,انار,NOUN,MASCULINE,,ر م ن,food|nature,4,3,images/words/cmq6hkx6a0084145k7owc3tox.jpg,204-rumm-n.jpg
cmq6hkx6a0085145kw65ndpx6,205,قَمْح,قمح,qamḥ,wheat,گیہوں,NOUN,MASCULINE,,ق م ح,food,4,1,images/words/cmq6hkx6a0085145kw65ndpx6.jpg,205-qam.jpg
cmq6hkx6a0086145kdknn87xq,206,شَعِير,شعير,sha'īr,barley,جو,NOUN,MASCULINE,,ش ع ر,food,4,1,images/words/cmq6hkx6a0086145kdknn87xq.jpg,206-sha-r.jpg
cmq6hkx6a0087145k1qqez5vc,207,حَلِيب,حليب,ḥalīb,fresh milk,تازہ دودھ,NOUN,MASCULINE,,ح ل ب,food,3,0,images/words/cmq6hkx6a0087145k1qqez5vc.jpg,207-al-b.jpg
cmq6hkx6a0088145k2dt0agys,208,تِين,تين,tīn,fig,انجیر,NOUN,MASCULINE,,ت ي ن,food|nature,4,2,images/words/cmq6hkx6a0088145k2dt0agys.jpg,208-t-n.jpg
cmq6hkx6a0089145kjx8mtn7d,209,لَحْمُ الْخِنْزِير,لحم الخنزير,laḥm al-khinzīr,pork (forbidden),خنزیر کا گوشت (حرام),NOUN,MASCULINE,,خ ن ز,food,5,4,images/words/cmq6hkx6a0089145kjx8mtn7d.jpg,209-la-m-al-khinz-r.jpg
cmq6hkx6a008a145k1fgb90n6,210,نَخْل,نخل,nakhl,"palm tree, dates",کھجور کا درخت,NOUN,MASCULINE,نَخِيل,ن خ ل,food|nature,3,20,images/words/cmq6hkx6a008a145k1fgb90n6.jpg,210-nakhl.jpg
cmq6hkx6a008b145kznmpu6xl,211,نَهَار,نهار,nahār,daytime,دن کا وقت,NOUN,MASCULINE,,ن ه ر,time,2,57,images/words/cmq6hkx6a008b145kznmpu6xl.jpg,211-nah-r.jpg
cmq6hkx6a008c145kityxo0tj,212,صَبَاح,صباح,ṣabāḥ,morning,صبح,NOUN,MASCULINE,,ص ب ح,time,2,8,images/words/cmq6hkx6a008c145kityxo0tj.jpg,212-ab.jpg
cmq6hkx6a008d145k8eebvqz8,213,مَسَاء,مساء,masā',"evening, dusk",شام,NOUN,MASCULINE,,م س و,time,2,4,images/words/cmq6hkx6a008d145k8eebvqz8.jpg,213-mas.jpg
cmq6hkx6a008e145kxxt4l7mp,214,فَجْر,فجر,fajr,"dawn, daybreak",فجر، صبح صادق,NOUN,MASCULINE,,ف ج ر,time|worship,2,6,images/words/cmq6hkx6a008e145kxxt4l7mp.jpg,214-fajr.jpg
cmq6hkx6a008f145klu9xqf74,215,ظُهْر,ظهر,ẓuhr,"noon, midday",ظہر، دوپہر,NOUN,MASCULINE,,ظ ه ر,time|worship,2,0,images/words/cmq6hkx6a008f145klu9xqf74.jpg,215-uhr.jpg
cmq6hkx6a008g145kmyg88o4w,216,عَصْر,عصر,'aṣr,"afternoon, era",عصر، زمانہ,NOUN,MASCULINE,عُصُور,ع ص ر,time|worship,2,2,images/words/cmq6hkx6a008g145kmyg88o4w.jpg,216-a-r.jpg
cmq6hkx6a008h145kj802krny,217,مَغْرِب,مغرب,maghrib,"sunset, west",مغرب، غروب,NOUN,MASCULINE,,غ ر ب,time|worship|nature,2,4,images/words/cmq6hkx6a008h145kj802krny.jpg,217-maghrib.jpg
cmq6hkx6a008i145kt73lrf4w,218,عِشَاء,عشاء,'ishā',"night, isha prayer time",عشاء,NOUN,MASCULINE,,ع ش و,time|worship,2,3,images/words/cmq6hkx6a008i145kt73lrf4w.jpg,218-ish.jpg
cmq6hkx6a008j145kkd3cysgn,219,أَمْس,امس,ams,yesterday,کل (گزرا ہوا),ADVERB,,,أ م س,time,3,1,images/words/cmq6hkx6a008j145kkd3cysgn.jpg,219-ams.jpg
cmq6hkx6a008k145kmg6fu1hs,220,غَدًا,غدا,ghadan,tomorrow,کل (آنے والا),ADVERB,,,غ د و,time,3,5,images/words/cmq6hkx6a008k145kmg6fu1hs.jpg,220-ghadan.jpg
cmq6hkx6a008l145kkdryb0sm,221,أُسْبُوع,اسبوع,usbū',week,ہفتہ,NOUN,MASCULINE,أَسَابِيع,س ب ع,time,3,0,images/words/cmq6hkx6a008l145kkdryb0sm.jpg,221-usb.jpg
cmq6hkx6a008m145k02yic3kb,222,شَهْر,شهر,shahr,month,مہینہ,NOUN,MASCULINE,أَشْهُر,ش ه ر,time,2,12,images/words/cmq6hkx6a008m145k02yic3kb.jpg,222-shahr.jpg
cmq6hkx6a008n145k900op768,223,الْآن,الان,al-ān,now,ابھی، اس وقت,ADVERB,,,أ ي ن,time,2,13,images/words/cmq6hkx6a008n145k900op768.jpg,223-al-n.jpg
cmq6hkx6a008o145kyunjo3ae,224,أَجَل,اجل,ajal,"appointed time, term",موعد، اجل,NOUN,MASCULINE,آجَال,أ ج ل,time|quranic,4,55,images/words/cmq6hkx6a008o145kyunjo3ae.jpg,224-ajal.jpg
cmq6hkx6a008p145k5y3kz7pn,225,لَحْظَة,لحظة,laḥẓa,"moment, instant",لمحہ، پل,NOUN,FEMININE,لَحَظَات,ل ح ظ,time,4,0,images/words/cmq6hkx6a008p145k5y3kz7pn.jpg,225-la-a.jpg
cmq6hkx6a008q145kedlblzgn,226,دَهْر,دهر,dahr,"time, age, eternity",زمانہ، دہر,NOUN,MASCULINE,,د ه ر,time|quranic,5,1,images/words/cmq6hkx6a008q145kedlblzgn.jpg,226-dahr.jpg
cmq6hkx6a008r145kxkhh8xf4,227,حِين,حين,ḥīn,"time, while, when",وقت، جب,NOUN,MASCULINE,أَحْيَان,ح ي ن,time,3,82,images/words/cmq6hkx6a008r145kxkhh8xf4.jpg,227-n.jpg
cmq6hkx6a008s145kmg0hggpz,228,قَبْل,قبل,qabl,before,پہلے,ADVERB,,,ق ب ل,time,2,124,images/words/cmq6hkx6a008s145kmg0hggpz.jpg,228-qabl.jpg
cmq6hkx6a008t145kofjaw6wl,229,بَعْد,بعد,ba'd,"after, then",بعد میں، پھر,ADVERB,,,ب ع د,time,2,170,images/words/cmq6hkx6a008t145kofjaw6wl.jpg,229-ba-d.jpg
cmq6hkx6a008u145klcvud545,230,أَبَدًا,ابدا,abadan,"forever, never (with negation)",ہمیشہ، کبھی نہیں,ADVERB,,,أ ب د,time|quranic,3,28,images/words/cmq6hkx6a008u145klcvud545.jpg,230-abadan.jpg
cmq6hkx6a008v145k3256jp68,231,دَائِمًا,دائما,dā'iman,"always, constantly",ہمیشہ,ADVERB,,,د و م,time,3,0,images/words/cmq6hkx6a008v145k3256jp68.jpg,231-d-iman.jpg
cmq6hkx6a008w145k7pu1o8v4,232,ثُمَّ,ثم,thumma,"then, after that",پھر، اس کے بعد,CONJUNCTION,,,,time,2,337,images/words/cmq6hkx6a008w145k7pu1o8v4.jpg,232-thumma.jpg
cmq6hkx6a008x145klwrr8jcc,233,قَرْن,قرن,qarn,"century, generation, horn",صدی، نسل,NOUN,MASCULINE,قُرُون,ق ر ن,time|quranic,5,18,images/words/cmq6hkx6a008x145klwrr8jcc.jpg,233-qarn.jpg
cmq6hkx6a008y145kqbhhcfc6,234,زَمَان,زمان,zamān,"time, era, age",زمانہ، وقت,NOUN,MASCULINE,أَزْمِنَة,ز م ن,time,3,0,images/words/cmq6hkx6a008y145kqbhhcfc6.jpg,234-zam-n.jpg
cmq6hkx6a008z145k2f8do4ev,235,الْيَوْم,اليوم,al-yawm,today,آج,ADVERB,,,ي و م,time,2,55,images/words/cmq6hkx6a008z145k2f8do4ev.jpg,235-al-yawm.jpg
cmq6hkx6a0090145k4wltg86w,236,نَجْم,نجم,najm,star,ستارہ,NOUN,MASCULINE,نُجُوم,ن ج م,nature,2,13,images/words/cmq6hkx6a0090145k4wltg86w.jpg,236-najm.jpg
cmq6hkx6a0091145khut19536,237,بَحْر,بحر,baḥr,"sea, ocean",سمندر,NOUN,MASCULINE,بِحَار,ب ح ر,nature,3,41,images/words/cmq6hkx6a0091145khut19536.jpg,237-ba-r.jpg
cmq6hkx6a0092145k4u7i9x69,238,نَهْر,نهر,nahr,river,دریا، نہر,NOUN,MASCULINE,أَنْهَار,ن ه ر,nature,2,54,images/words/cmq6hkx6a0092145k4u7i9x69.jpg,238-nahr.jpg
cmq6hkx6a0093145kk8l0b58a,239,جَبَل,جبل,jabal,mountain,پہاڑ,NOUN,MASCULINE,جِبَال,ج ب ل,nature,3,39,images/words/cmq6hkx6a0093145kk8l0b58a.jpg,239-jabal.jpg
cmq6hkx6a0094145ky57hd2j0,240,صَحْرَاء,صحراء,ṣaḥrā',desert,صحرا,NOUN,FEMININE,صَحَارَى,ص ح ر,nature,4,0,images/words/cmq6hkx6a0094145ky57hd2j0.jpg,240-a-r.jpg
cmq6hkx6b0095145kskh61gsy,241,وَادٍ,وادي,wādī,"valley, riverbed",وادی,NOUN,MASCULINE,أَوْدِيَة,و د ي,nature,4,7,images/words/cmq6hkx6b0095145kskh61gsy.jpg,241-w-d.jpg
cmq6hkx6b0096145kdaktppcv,242,رِيح,ريح,rīḥ,wind,ہوا,NOUN,FEMININE,رِيَاح,ر و ح,nature,3,29,images/words/cmq6hkx6b0096145kdaktppcv.jpg,242-r.jpg
cmq6hkx6b0097145kztpefk65,243,مَطَر,مطر,maṭar,rain,بارش,NOUN,MASCULINE,أَمْطَار,م ط ر,nature,3,10,images/words/cmq6hkx6b0097145kztpefk65.jpg,243-ma-ar.jpg
cmq6hkx6b0098145kukklb2u3,244,سَحَاب,سحاب,saḥāb,clouds,بادل,NOUN,MASCULINE,,س ح ب,nature,3,8,images/words/cmq6hkx6b0098145kukklb2u3.jpg,244-sa-b.jpg
cmq6hkx6b0099145kj4alko3p,245,حَجَر,حجر,ḥajar,"rock, stone",پتھر,NOUN,MASCULINE,أَحْجَار,ح ج ر,nature,3,8,images/words/cmq6hkx6b0099145kj4alko3p.jpg,245-ajar.jpg
cmq6hkx6b009a145kulwgba5o,246,رَمْل,رمل,raml,sand,ریت,NOUN,MASCULINE,رِمَال,ر م ل,nature,4,0,images/words/cmq6hkx6b009a145kulwgba5o.jpg,246-raml.jpg
cmq6hkx6b009b145k7itez3c8,247,تُرَاب,تراب,turāb,"soil, dust, earth",مٹی، خاک,NOUN,MASCULINE,أَتْرِبَة,ت ر ب,nature,2,20,images/words/cmq6hkx6b009b145k7itez3c8.jpg,247-tur-b.jpg
cmq6hkx6b009c145k0a4x5su0,248,ذَهَب,ذهب,dhahab,gold,سونا,NOUN,MASCULINE,,ذ ه ب,nature|marketplace,4,8,images/words/cmq6hkx6b009c145k0a4x5su0.jpg,248-dhahab.jpg
cmq6hkx6b009d145ky87bke0n,249,فِضَّة,فضة,fiḍḍa,silver,چاندی,NOUN,FEMININE,,ف ض ض,nature|marketplace,4,5,images/words/cmq6hkx6b009d145ky87bke0n.jpg,249-fi-a.jpg
cmq6hkx6b009e145kef1w7s0s,250,حَدِيد,حديد,ḥadīd,iron,لوہا,NOUN,MASCULINE,,ح د د,nature,5,6,images/words/cmq6hkx6b009e145kef1w7s0s.jpg,250-ad-d.jpg
cmq6hkx6b009f145k90ystm7f,251,أَسَد,اسد,asad,lion,شیر,NOUN,MASCULINE,أُسُود,أ س د,nature,5,1,images/words/cmq6hkx6b009f145k90ystm7f.jpg,251-asad.jpg
cmq6hkx6b009g145kipxzls7t,252,حِصَان,حصان,ḥiṣān,horse,گھوڑا,NOUN,MASCULINE,خُيُول,ح ص ن,nature|travel,4,4,images/words/cmq6hkx6b009g145kipxzls7t.jpg,252-i-n.jpg
cmq6hkx6b009h145ktrctv8he,253,بَقَرَة,بقرة,baqara,"cow, heifer",گائے,NOUN,FEMININE,بَقَر,ب ق ر,nature|food,3,9,images/words/cmq6hkx6b009h145ktrctv8he.jpg,253-baqara.jpg
cmq6hkx6b009i145knt55guby,254,طَيْر,طير,ṭayr,bird,پرندہ,NOUN,MASCULINE,طُيُور,ط ي ر,nature,3,22,images/words/cmq6hkx6b009i145knt55guby.jpg,254-ayr.jpg
cmq6hkx6b009j145kdd95a6i2,255,نَحْل,نحل,naḥl,bees,شہد کی مکھیاں,NOUN,MASCULINE,,ن ح ل,nature,5,2,images/words/cmq6hkx6b009j145kdd95a6i2.jpg,255-na-l.jpg
cmq6hkx6b009k145k9dnqj3o5,256,زَهْرَة,زهرة,zahra,"flower, blossom",پھول,NOUN,FEMININE,زُهُور,ز ه ر,nature,3,1,images/words/cmq6hkx6b009k145k9dnqj3o5.jpg,256-zahra.jpg
cmq6hkx6b009l145kdxv1yugf,257,ثَمَرَة,ثمرة,thamara,"fruit, result",پھل، نتیجہ,NOUN,FEMININE,ثَمَرَات,ث م ر,nature|food,3,24,images/words/cmq6hkx6b009l145kdxv1yugf.jpg,257-thamara.jpg
cmq6hkx6b009m145kk8pkd295,258,نَبَات,نبات,nabāt,"plant, vegetation",پودا، نباتات,NOUN,MASCULINE,نَبَاتَات,ن ب ت,nature,4,7,images/words/cmq6hkx6b009m145kk8pkd295.jpg,258-nab-t.jpg
cmq6hkx6b009n145k5dfz0ekm,259,نَار,نار,nār,"fire, hellfire",آگ، جہنم,NOUN,FEMININE,نِيرَان,ن و ر,nature|quranic,2,145,images/words/cmq6hkx6b009n145k5dfz0ekm.jpg,259-n-r.jpg
cmq6hkx6b009o145kbosnc1ie,260,بَرْق,برق,barq,"lightning, flash",بجلی، چمک,NOUN,MASCULINE,بُرُوق,ب ر ق,nature,4,5,images/words/cmq6hkx6b009o145kbosnc1ie.jpg,260-barq.jpg
cmq6hkx6b009p145klipxqnbi,261,رَعْد,رعد,ra'd,thunder,گرج,NOUN,MASCULINE,,ر ع د,nature,4,2,images/words/cmq6hkx6b009p145klipxqnbi.jpg,261-ra-d.jpg
cmq6hkx6b009q145k7kwcinw2,262,غَابَة,غابة,ghāba,"forest, jungle",جنگل,NOUN,FEMININE,غَابَات,غ ي ب,nature,4,0,images/words/cmq6hkx6b009q145k7kwcinw2.jpg,262-gh-ba.jpg
cmq6hkx6b009r145kvz7cdgg7,263,ذِئْب,ذئب,dhi'b,wolf,بھیڑیا,NOUN,MASCULINE,ذِئَاب,ذ أ ب,nature,5,3,images/words/cmq6hkx6b009r145kvz7cdgg7.jpg,263-dhi-b.jpg
cmq6hkx6b009s145kdvaxfbey,264,نَمْل,نمل,naml,ants,چیونٹیاں,NOUN,MASCULINE,,ن م ل,nature,5,2,images/words/cmq6hkx6b009s145kdvaxfbey.jpg,264-naml.jpg
cmq6hkx6b009t145kbfub4hej,265,غَنَم,غنم,ghanam,"sheep, flock",بھیڑ، ریوڑ,NOUN,MASCULINE,,غ ن م,nature|food,4,4,images/words/cmq6hkx6b009t145kbfub4hej.jpg,265-ghanam.jpg
cmq6hkx6b009u145kbc85tu1e,266,جَمَل,جمل,jamal,camel,اونٹ,NOUN,MASCULINE,جِمَال,ج م ل,nature|travel,4,5,images/words/cmq6hkx6b009u145kbc85tu1e.jpg,266-jamal.jpg
cmq6hkx6b009v145kasc7s9xs,267,خَشَب,خشب,khashab,"wood, timber",لکڑی,NOUN,MASCULINE,أَخْشَاب,خ ش ب,nature,4,2,images/words/cmq6hkx6b009v145kasc7s9xs.jpg,267-khashab.jpg
cmq6hkx6b009w145kgyj4hrcv,268,زَرْع,زرع,zar',"crops, cultivation, planting",کھیتی، فصل,NOUN,MASCULINE,زُرُوع,ز ر ع,nature,4,11,images/words/cmq6hkx6b009w145kgyj4hrcv.jpg,268-zar.jpg
cmq6hkx6b009x145kh7fgpfnh,269,بَذْرَة,بذرة,badhara,seed,بیج,NOUN,FEMININE,بُذُور,ب ذ ر,nature,5,0,images/words/cmq6hkx6b009x145kh7fgpfnh.jpg,269-badhara.jpg
cmq6hkx6b009y145k332flnzv,270,ظُلْمَة,ظلمة,ẓulma,darkness,اندھیرا,NOUN,FEMININE,ظُلُمَات,ظ ل م,nature|quranic,3,23,images/words/cmq6hkx6b009y145k332flnzv.jpg,270-ulma.jpg
cmq6hkx6b009z145kcatzeafz,271,مَوْج,موج,mawj,wave,لہر,NOUN,MASCULINE,أَمْوَاج,م و ج,nature,5,4,images/words/cmq6hkx6b009z145kcatzeafz.jpg,271-mawj.jpg
cmq6hkx6b00a0145kjmy8p3h0,272,ثَلْج,ثلج,thalj,"snow, ice",برف,NOUN,MASCULINE,,ث ل ج,nature,5,1,images/words/cmq6hkx6b00a0145kjmy8p3h0.jpg,272-thalj.jpg
cmq6hkx6b00a1145kg00n7ef5,273,جَنَّة,جنة,janna,"garden, paradise",جنت، باغ,NOUN,FEMININE,جَنَّات,ج ن ن,nature|quranic|worship,1,147,images/words/cmq6hkx6b00a1145kg00n7ef5.jpg,273-janna.jpg
cmq6hkx6b00a2145kylj3n5op,274,دُخَان,دخان,dukhān,smoke,دھواں,NOUN,MASCULINE,,د خ ن,nature,5,2,images/words/cmq6hkx6b00a2145kylj3n5op.jpg,274-dukh-n.jpg
cmq6hkx6b00a3145koadgbv8j,275,إِيمَان,ايمان,īmān,"faith, belief",ایمان,NOUN,MASCULINE,,أ م ن,worship|quranic,1,45,images/words/cmq6hkx6b00a3145koadgbv8j.jpg,275-m-n.jpg
cmq6hkx6b00a4145krdl130wi,276,إِسْلَام,اسلام,islām,"Islam, submission to Allah",اسلام,NOUN,MASCULINE,,س ل م,worship|quranic,1,8,images/words/cmq6hkx6b00a4145krdl130wi.jpg,276-isl-m.jpg
cmq6hkx6b00a5145kq1i3s93a,277,تَسْبِيح,تسبيح,tasbīḥ,glorification (SubhanAllah),تسبیح,NOUN,MASCULINE,,س ب ح,worship,3,0,images/words/cmq6hkx6b00a5145kq1i3s93a.jpg,277-tasb.jpg
cmq6hkx6b00a6145kut7tmw7u,278,تَكْبِير,تكبير,takbīr,magnification (Allahu Akbar),تکبیر,NOUN,MASCULINE,,ك ب ر,worship|masjid,3,0,images/words/cmq6hkx6b00a6145kut7tmw7u.jpg,278-takb-r.jpg
cmq6hkx6b00a7145kanffvsrk,279,رَكَعَ,ركع,raka'a,he bowed (in prayer),رکوع کیا,VERB_PAST,,,ر ك ع,worship,3,8,images/words/cmq6hkx6b00a7145kanffvsrk.jpg,279-raka-a.jpg
cmq6hkx6b00a8145kz03f7pdi,280,سَجَدَ,سجد,sajada,he prostrated,سجدہ کیا,VERB_PAST,,,س ج د,worship,3,25,images/words/cmq6hkx6b00a8145kz03f7pdi.jpg,280-sajada.jpg
cmq6hkx6b00a9145koleuf5z9,281,رَكْعَة,ركعة,rak'a,unit of prayer,رکعت,NOUN,FEMININE,رَكَعَات,ر ك ع,worship,4,0,images/words/cmq6hkx6b00a9145koleuf5z9.jpg,281-rak-a.jpg
cmq6hkx6b00aa145kzq4gs0rw,282,سَجْدَة,سجدة,sajda,prostration,سجدہ,NOUN,FEMININE,سَجَدَات,س ج د,worship,3,11,images/words/cmq6hkx6b00aa145kzq4gs0rw.jpg,282-sajda.jpg
cmq6hkx6b00ab145kjgnswndk,283,وُضُوء,وضوء,wuḍū',"ablution, ritual washing",وضو,NOUN,MASCULINE,,و ض أ,worship,3,0,images/words/cmq6hkx6b00ab145kjgnswndk.jpg,283-wu.jpg
cmq6hkx6b00ac145kidkoa6cv,284,غُسْل,غسل,ghusl,"ritual bath, washing",غسل,NOUN,MASCULINE,أَغْسَال,غ س ل,worship,4,1,images/words/cmq6hkx6b00ac145kidkoa6cv.jpg,284-ghusl.jpg
cmq6hkx6b00ad145k0rytujbc,285,طَهَارَة,طهارة,ṭahāra,"purity, cleanliness",طہارت، پاکیزگی,NOUN,FEMININE,,ط ه ر,worship,3,0,images/words/cmq6hkx6b00ad145k0rytujbc.jpg,285-ah-ra.jpg
cmq6hkx6b00ae145kmh77ybep,286,نِيَّة,نية,niyya,intention,نیت,NOUN,FEMININE,نِيَّات,ن و ي,worship,3,0,images/words/cmq6hkx6b00ae145kmh77ybep.jpg,286-niyya.jpg
cmq6hkx6b00af145kly526zzq,287,تِلَاوَة,تلاوة,tilāwa,recitation (of Quran),تلاوت,NOUN,FEMININE,,ت ل و,worship,3,3,images/words/cmq6hkx6b00af145kly526zzq.jpg,287-til-wa.jpg
cmq6hkx6b00ag145keawdjxqn,288,حِفْظ,حفظ,ḥifẓ,"memorization, preservation",حفظ,NOUN,MASCULINE,,ح ف ظ,worship|school,3,5,images/words/cmq6hkx6b00ag145keawdjxqn.jpg,288-if.jpg
cmq6hkx6b00ah145k96rg7oo2,289,خُشُوع,خشوع,khushū',"humility, devotion in prayer",خشوع، عاجزی,NOUN,MASCULINE,,خ ش ع,worship,4,5,images/words/cmq6hkx6b00ah145k96rg7oo2.jpg,289-khush.jpg
cmq6hkx6b00ai145kgti2qbpw,290,إِخْلَاص,اخلاص,ikhlāṣ,"sincerity, devotion",اخلاص,NOUN,MASCULINE,,خ ل ص,worship,4,2,images/words/cmq6hkx6b00ai145kgti2qbpw.jpg,290-ikhl.jpg
cmq6hkx6b00aj145kl9q9i3ix,291,تَوْبَة,توبة,tawba,"repentance, turning back to Allah",توبہ,NOUN,FEMININE,تَوْبَات,ت و ب,worship,3,11,images/words/cmq6hkx6b00aj145kl9q9i3ix.jpg,291-tawba.jpg
cmq6hkx6b00ak145kli25rmyb,292,اسْتِغْفَار,استغفار,istighfār,seeking forgiveness,استغفار,NOUN,MASCULINE,,غ ف ر,worship,4,0,images/words/cmq6hkx6b00ak145kli25rmyb.jpg,292-istighf-r.jpg
cmq6hkx6b00al145kf72m2ppb,293,مَغْفِرَة,مغفرة,maghfira,"forgiveness, pardon",مغفرت، بخشش,NOUN,FEMININE,,غ ف ر,worship|quranic,3,38,images/words/cmq6hkx6b00al145kf72m2ppb.jpg,293-maghfira.jpg
cmq6hkx6b00am145kpoz83vmk,294,رَحْمَة,رحمة,raḥma,"mercy, compassion",رحمت,NOUN,FEMININE,رَحَمَات,ر ح م,worship|quranic,1,79,images/words/cmq6hkx6b00am145kpoz83vmk.jpg,294-ra-ma.jpg
cmq6hkx6b00an145kimt30sg3,295,نِعْمَة,نعمة,ni'ma,"blessing, favor, bounty",نعمت,NOUN,FEMININE,نِعَم,ن ع م,worship|quranic,2,55,images/words/cmq6hkx6b00an145kimt30sg3.jpg,295-ni-ma.jpg
cmq6hkx6b00ao145kpcrb4h9j,296,شُكْر,شكر,shukr,"gratitude, thanks",شکر,NOUN,MASCULINE,,ش ك ر,worship,3,16,images/words/cmq6hkx6b00ao145kpcrb4h9j.jpg,296-shukr.jpg
cmq6hkx6b00ap145kn4cxt0np,297,صَبْر,صبر,ṣabr,"patience, steadfastness",صبر,NOUN,MASCULINE,,ص ب ر,worship|quranic,2,45,images/words/cmq6hkx6b00ap145kn4cxt0np.jpg,297-abr.jpg
cmq6hkx6b00aq145k5ozvlmad,298,تَوَكُّل,توكل,tawakkul,"reliance on Allah, trust in Allah",توکل,NOUN,MASCULINE,,و ك ل,worship,4,0,images/words/cmq6hkx6b00aq145k5ozvlmad.jpg,298-tawakkul.jpg
cmq6hkx6b00ar145kkez9o3kf,299,تَقْوَى,تقوى,taqwā,"God-consciousness, piety",تقوی,NOUN,FEMININE,,و ق ي,worship|quranic,2,18,images/words/cmq6hkx6b00ar145kkez9o3kf.jpg,299-taqw.jpg
cmq6hkx6b00as145kygl7wkl0,300,جِهَاد,جهاد,jihād,"striving, struggle (in the way of Allah)",جہاد,NOUN,MASCULINE,,ج ه د,worship|quranic,5,14,images/words/cmq6hkx6b00as145kygl7wkl0.jpg,300-jih-d.jpg
cmq6hkx6b00at145k6n8aabcf,301,أُخُوَّة,اخوة,ukhuwwa,"brotherhood, fraternity",اخوت، بھائی چارہ,NOUN,FEMININE,,أ خ و,worship,4,0,images/words/cmq6hkx6b00at145k6n8aabcf.jpg,301-ukhuwwa.jpg
cmq6hkx6b00au145k1aibobl3,302,عُمْرَة,عمرة,'umra,lesser pilgrimage,عمرہ,NOUN,FEMININE,,ع م ر,worship|travel,5,2,images/words/cmq6hkx6b00au145k1aibobl3.jpg,302-umra.jpg
cmq6hkx6b00av145kr2v4iiw7,303,إِحْرَام,احرام,iḥrām,"pilgrim state, sacred garment",احرام,NOUN,MASCULINE,,ح ر م,worship|travel,5,0,images/words/cmq6hkx6b00av145kr2v4iiw7.jpg,303-i-r-m.jpg
cmq6hkx6b00aw145ksqwlezn0,304,كَعْبَة,كعبة,ka'ba,the Kaaba,کعبہ,PROPER_NOUN,FEMININE,,ك ع ب,worship|travel|masjid,5,2,images/words/cmq6hkx6b00aw145ksqwlezn0.jpg,304-ka-ba.jpg
cmq6hkx6b00ax145kx4gszppq,305,جُمُعَة,جمعة,jumu'a,"Friday, congregation",جمعہ,NOUN,FEMININE,,ج م ع,worship|masjid,3,1,images/words/cmq6hkx6b00ax145kx4gszppq.jpg,305-jumu-a.jpg
cmq6hkx6b00ay145ksxacr0jr,306,فَرِيضَة,فريضة,farīḍa,"obligation, duty",فرض، واجب,NOUN,FEMININE,فَرَائِض,ف ر ض,worship,4,4,images/words/cmq6hkx6b00ay145ksxacr0jr.jpg,306-far-a.jpg
cmq6hkx6b00az145k8azev24y,307,سُنَّة,سنة,sunna,"prophetic tradition, way",سنت,NOUN,FEMININE,سُنَن,س ن ن,worship,4,15,images/words/cmq6hkx6b00az145k8azev24y.jpg,307-sunna.jpg
cmq6hkx6b00b0145klnytabzd,308,حَلَال,حلال,ḥalāl,"lawful, permitted",حلال,ADJECTIVE,,,ح ل ل,worship,3,6,images/words/cmq6hkx6b00b0145klnytabzd.jpg,308-al-l.jpg
cmq6hkx6b00b1145ka2w8xs4r,309,حَرَام,حرام,ḥarām,"forbidden, sacred",حرام,ADJECTIVE,,,ح ر م,worship,3,32,images/words/cmq6hkx6b00b1145ka2w8xs4r.jpg,309-ar-m.jpg
cmq6hkx6b00b2145kihotrwfe,310,صَدَقَة,صدقة,ṣadaqa,voluntary charity,صدقہ,NOUN,FEMININE,صَدَقَات,ص د ق,worship,3,15,images/words/cmq6hkx6b00b2145kihotrwfe.jpg,310-adaqa.jpg
cmq6hkx6b00b3145k95jjpri2,311,ذِكْر,ذكر,dhikr,"remembrance, mention",ذکر,NOUN,MASCULINE,أَذْكَار,ذ ك ر,worship|quranic,2,292,images/words/cmq6hkx6b00b3145k95jjpri2.jpg,311-dhikr.jpg
cmq6hkx6b00b4145kmft3uxsq,312,عِبَادَة,عبادة,'ibāda,"worship, devotion",عبادت,NOUN,FEMININE,,ع ب د,worship|quranic,1,9,images/words/cmq6hkx6b00b4145kmft3uxsq.jpg,312-ib-da.jpg
cmq6hkx6b00b5145kqxio46mj,313,شَهَادَة,شهادة,shahāda,"testimony, witnessing, martyrdom",شہادت,NOUN,FEMININE,شَهَادَات,ش ه د,worship|quranic,3,37,images/words/cmq6hkx6b00b5145kqxio46mj.jpg,313-shah-da.jpg
cmq6hkx6b00b6145k4hw2qkxn,314,عَدْل,عدل,'adl,"justice, fairness",عدل، انصاف,NOUN,MASCULINE,,ع د ل,worship|quranic,4,28,images/words/cmq6hkx6b00b6145k4hw2qkxn.jpg,314-adl.jpg
cmq6hkx6b00b7145kwxcy7cd5,315,أَمَانَة,امانة,amāna,"trust, honesty, integrity",امانت,NOUN,FEMININE,أَمَانَات,أ م ن,worship|quranic,4,6,images/words/cmq6hkx6b00b7145kwxcy7cd5.jpg,315-am-na.jpg
cmq6hkx6b00b8145kywha5mto,316,حَيَاء,حياء,ḥayā',"modesty, shyness",حیا,NOUN,MASCULINE,,ح ي و,worship,5,0,images/words/cmq6hkx6b00b8145kywha5mto.jpg,316-ay.jpg
cmq6hkx6b00b9145knma4h85k,317,كَرَم,كرم,karam,"generosity, nobility",کرم، سخاوت,NOUN,MASCULINE,,ك ر م,worship,4,0,images/words/cmq6hkx6b00b9145knma4h85k.jpg,317-karam.jpg
cmq6hkx6b00ba145kj4qh5553,318,رَجَاء,رجاء,rajā',"hope, expectation",امید، رجاء,NOUN,MASCULINE,,ر ج و,worship|quranic,4,2,images/words/cmq6hkx6b00ba145kj4qh5553.jpg,318-raj.jpg
cmq6hkx6b00bb145kp3ktdrr0,319,خَيْر,خير,khayr,"good, goodness, better",خیر، بھلائی,NOUN,MASCULINE,خَيْرَات,خ ي ر,worship|quranic,1,176,images/words/cmq6hkx6b00bb145kp3ktdrr0.jpg,319-khayr.jpg
cmq6hkx6b00bc145k05tmv1aj,320,شَرّ,شر,sharr,"evil, harm, worse",شر، برائی,NOUN,MASCULINE,,ش ر ر,worship|quranic,3,42,images/words/cmq6hkx6b00bc145k05tmv1aj.jpg,320-sharr.jpg
cmq6hkx6b00bd145ks40a26y3,321,بِرّ,بر,birr,"righteousness, kindness, piety",نیکی، بر,NOUN,MASCULINE,,ب ر ر,worship|quranic,4,20,images/words/cmq6hkx6b00bd145ks40a26y3.jpg,321-birr.jpg
cmq6hkx6b00be145kaif9lrd5,322,وَقْف,وقف,waqf,"religious endowment, waqf",وقف,NOUN,MASCULINE,أَوْقَاف,و ق ف,worship,6,0,images/words/cmq6hkx6b00be145kaif9lrd5.jpg,322-waqf.jpg
cmq6hkx6b00bf145k5mohvftu,323,إِقَامَة,اقامة,iqāma,"iqama, second call to prayer",اقامہ,NOUN,FEMININE,,ق و م,worship|masjid,4,0,images/words/cmq6hkx6b00bf145k5mohvftu.jpg,323-iq-ma.jpg
cmq6hkx6b00bg145k0km5sl19,324,مُصَلَّى,مصلى,muṣallā,"prayer mat, prayer area",مصلی، جائے نماز,NOUN,MASCULINE,مُصَلَّيَات,ص ل و,worship|masjid,4,1,images/words/cmq6hkx6b00bg145k0km5sl19.jpg,324-mu-all.jpg
cmq6hkx6b00bh145kqlvvs3l4,325,تَهَجُّد,تهجد,tahajjud,"night prayer, tahajjud",تہجد,NOUN,MASCULINE,,ه ج د,worship,5,1,images/words/cmq6hkx6b00bh145kqlvvs3l4.jpg,325-tahajjud.jpg
cmq6hkx6b00bi145kzv04emq1,326,فَلَاح,فلاح,falāḥ,"success, salvation",فلاح، کامیابی,NOUN,MASCULINE,,ف ل ح,worship|quranic,3,8,images/words/cmq6hkx6b00bi145kzv04emq1.jpg,326-fal.jpg
cmq6hkx6b00bj145k9sm7waxq,327,إِحْسَان,احسان,iḥsān,"excellence, doing good",احسان,NOUN,MASCULINE,,ح س ن,worship|quranic,3,7,images/words/cmq6hkx6b00bj145k9sm7waxq.jpg,327-i-s-n.jpg
cmq6hkx6b00bk145kcr7uh3ub,328,قُرْآن,قران,qur'ān,the Quran,قرآن,PROPER_NOUN,MASCULINE,,ق ر أ,worship|quranic|masjid,1,70,images/words/cmq6hkx6b00bk145kcr7uh3ub.jpg,328-qur-n.jpg
cmq6hkx6b00bl145kmmpwvqq8,329,حَدِيث,حديث,ḥadīth,"hadith, speech, new",حدیث، نئی بات,NOUN,MASCULINE,أَحَادِيث,ح د ث,worship|school,4,40,images/words/cmq6hkx6b00bl145kmmpwvqq8.jpg,329-ad-th.jpg
cmq6hkx6b00bm145ksntxnbhb,330,فِقْه,فقه,fiqh,"Islamic jurisprudence, understanding",فقہ,NOUN,MASCULINE,,ف ق ه,worship|school,6,0,images/words/cmq6hkx6b00bm145ksntxnbhb.jpg,330-fiqh.jpg
cmq6hkx6b00bn145kmc1bfvm8,331,اللَّه,الله,allāh,"Allah, God",اللہ,PROPER_NOUN,MASCULINE,,أ ل ه,quranic|worship,1,2699,images/words/cmq6hkx6b00bn145kmc1bfvm8.jpg,331-all-h.jpg
cmq6hkx6b00bo145ko3h1veo0,332,حَمْد,حمد,ḥamd,"praise, gratitude",حمد، تعریف,NOUN,MASCULINE,,ح م د,quranic|worship,1,43,images/words/cmq6hkx6b00bo145ko3h1veo0.jpg,332-amd.jpg
cmq6hkx6b00bp145kamx7ar3l,333,عَالَمِين,عالمين,'ālamīn,"the worlds, all of creation",عالمین، تمام جہان,NOUN,MASCULINE,,ع ل م,quranic,1,73,images/words/cmq6hkx6b00bp145kamx7ar3l.jpg,333-lam-n.jpg
cmq6hkx6b00bq145kexk4bu1b,334,دِين,دين,dīn,"religion, way of life, Day of Judgment",دین، مذہب، جزا,NOUN,MASCULINE,أَدْيَان,د ي ن,quranic|worship,1,94,images/words/cmq6hkx6b00bq145kexk4bu1b.jpg,334-d-n.jpg
cmq6hkx6b00br145ke1fvom46,335,مَالِك,مالك,mālik,"owner, master, possessor",مالک,NOUN,MASCULINE,مَالِكُون,م ل ك,quranic,1,24,images/words/cmq6hkx6b00br145ke1fvom46.jpg,335-m-lik.jpg
cmq6hkx6b00bs145krgwk4wvf,336,هُدًى,هدى,hudan,guidance,ہدایت,NOUN,MASCULINE,,ه د ي,quranic|worship,1,80,images/words/cmq6hkx6b00bs145krgwk4wvf.jpg,336-hudan.jpg
cmq6hkx6b00bt145kk60go4nv,337,صِرَاط,صراط,ṣirāṭ,"path, way, road",صراط، راستہ,NOUN,MASCULINE,,ص ر ط,quranic,1,45,images/words/cmq6hkx6b00bt145kk60go4nv.jpg,337-ir.jpg
cmq6hkx6b00bu145kbcb8vn3y,338,مُسْتَقِيم,مستقيم,mustaqīm,"straight, upright, correct",سیدھا، مستقیم,ADJECTIVE,MASCULINE,,ق و م,quranic,1,33,images/words/cmq6hkx6b00bu145kbcb8vn3y.jpg,338-mustaq-m.jpg
cmq6hkx6b00bv145kua42hjzj,339,غَيْب,غيب,ghayb,"the unseen, the hidden",غیب,NOUN,MASCULINE,,غ ي ب,quranic,2,49,images/words/cmq6hkx6b00bv145kua42hjzj.jpg,339-ghayb.jpg
cmq6hkx6b00bw145kykjlwok0,340,رَيْب,ريب,rayb,"doubt, uncertainty",شک، ریب,NOUN,MASCULINE,,ر ي ب,quranic,2,14,images/words/cmq6hkx6b00bw145kykjlwok0.jpg,340-rayb.jpg
cmq6hkx6b00bx145kwg6w8jtu,341,عَذَاب,عذاب,'adhāb,"punishment, torment",عذاب,NOUN,MASCULINE,أَعْذِبَة,ع ذ ب,quranic,3,322,images/words/cmq6hkx6b00bx145kwg6w8jtu.jpg,341-adh-b.jpg
cmq6hkx6b00by145kx36triqu,342,قِيَامَة,قيامة,qiyāma,"the Resurrection, Day of Judgment",قیامت,NOUN,FEMININE,,ق و م,quranic,3,70,images/words/cmq6hkx6b00by145kx36triqu.jpg,342-qiy-ma.jpg
cmq6hkx6b00bz145kda6v65jc,343,آخِرَة,اخرة,ākhira,"the Hereafter, the next life",آخرت,NOUN,FEMININE,,أ خ ر,quranic,2,115,images/words/cmq6hkx6b00bz145kda6v65jc.jpg,343-khira.jpg
cmq6hkx6b00c0145k2qh1vmgi,344,دُنْيَا,دنيا,dunyā,"worldly life, this world",دنیا,NOUN,FEMININE,,د ن و,quranic,2,115,images/words/cmq6hkx6b00c0145k2qh1vmgi.jpg,344-duny.jpg
cmq6hkx6b00c1145k2kgf6kp7,345,حَيَاة,حياة,ḥayāh,life,حیات، زندگی,NOUN,FEMININE,,ح ي و,quranic,2,76,images/words/cmq6hkx6b00c1145k2kgf6kp7.jpg,345-ay-h.jpg
cmq6hkx6b00c2145ktdhxcspl,346,مَوْت,موت,mawt,death,موت,NOUN,MASCULINE,,م و ت,quranic,3,61,images/words/cmq6hkx6b00c2145ktdhxcspl.jpg,346-mawt.jpg
cmq6hkx6b00c3145kd933su77,347,حِسَاب,حساب,ḥisāb,"reckoning, accounting, judgment",حساب,NOUN,MASCULINE,حِسَابَات,ح س ب,quranic,3,31,images/words/cmq6hkx6b00c3145kd933su77.jpg,347-is-b.jpg
cmq6hkx6b00c4145ko9fo24gw,348,مِيزَان,ميزان,mīzān,"scale, balance",میزان، ترازو,NOUN,MASCULINE,مَوَازِين,و ز ن,quranic|marketplace,4,23,images/words/cmq6hkx6b00c4145ko9fo24gw.jpg,348-m-z-n.jpg
cmq6hkx6b00c5145kekklyryd,349,رِزْق,رزق,rizq,"provision, sustenance",رزق,NOUN,MASCULINE,أَرْزَاق,ر ز ق,quranic|worship,2,123,images/words/cmq6hkx6b00c5145kekklyryd.jpg,349-rizq.jpg
cmq6hkx6b00c6145kl6k6qimf,350,فَضْل,فضل,faḍl,"grace, favor, bounty",فضل، کرم,NOUN,MASCULINE,فُضُول,ف ض ل,quranic|worship,2,104,images/words/cmq6hkx6b00c6145kl6k6qimf.jpg,350-fa-l.jpg
cmq6hkx6b00c7145kj5x848u9,351,قُدْرَة,قدرة,qudra,"power, ability",قدرت، طاقت,NOUN,FEMININE,,ق د ر,quranic,3,5,images/words/cmq6hkx6b00c7145kj5x848u9.jpg,351-qudra.jpg
cmq6hkx6b00c8145kkz1qt6mm,352,سُبْحَان,سبحان,subḥān,"glory be to, exalted is",سبحان,NOUN,MASCULINE,,س ب ح,quranic|worship,1,41,images/words/cmq6hkx6b00c8145kkz1qt6mm.jpg,352-sub-n.jpg
cmq6hkx6b00c9145k7rnlta7v,353,أَمْر,امر,amr,"command, matter, affair",امر، معاملہ,NOUN,MASCULINE,أُمُور,أ م ر,quranic,2,257,images/words/cmq6hkx6b00c9145k7rnlta7v.jpg,353-amr.jpg
cmq6hkx6b00ca145k69am9acu,354,كَلِمَة,كلمة,kalima,"word, statement",کلمہ، لفظ,NOUN,FEMININE,كَلِمَات,ك ل م,quranic,2,53,images/words/cmq6hkx6b00ca145k69am9acu.jpg,354-kalima.jpg
cmq6hkx6b00cb145k1n6mucsj,355,وَحْي,وحي,waḥy,"revelation, divine inspiration",وحی,NOUN,MASCULINE,,و ح ي,quranic,4,78,images/words/cmq6hkx6b00cb145k1n6mucsj.jpg,355-wa-y.jpg
cmq6hkx6b00cc145kna7pgka2,356,آيَة,آية,āya,"verse, sign, miracle",آیت، نشانی,NOUN,FEMININE,آيَات,أ ي ي,quranic,1,382,images/words/cmq6hkx6b00cc145kna7pgka2.jpg,356-ya.jpg
cmq6hkx6b00cd145k9va05u5t,357,مُوسَى,موسى,mūsā,Moses (Prophet),موسیٰ (نبی),PROPER_NOUN,MASCULINE,,,quranic,5,136,images/words/cmq6hkx6b00cd145k9va05u5t.jpg,357-m-s.jpg
cmq6hkx6b00ce145krh1imm32,358,عِيسَى,عيسى,'īsā,Jesus (Prophet),عیسیٰ (نبی),PROPER_NOUN,MASCULINE,,,quranic,5,25,images/words/cmq6hkx6b00ce145krh1imm32.jpg,358-s.jpg
cmq6hkx6b00cf145kwt3niniy,359,إِبْرَاهِيم,ابراهيم,ibrāhīm,Abraham (Prophet),ابراہیم (نبی),PROPER_NOUN,MASCULINE,,,quranic,5,69,images/words/cmq6hkx6b00cf145kwt3niniy.jpg,359-ibr-h-m.jpg
cmq6hkx6b00cg145kwyj1iyta,360,آدَم,آدم,ādam,Adam (the first man),آدم,PROPER_NOUN,MASCULINE,,,quranic,4,25,images/words/cmq6hkx6b00cg145kwyj1iyta.jpg,360-dam.jpg
cmq6hkx6b00ch145k7ox7yuer,361,نُوح,نوح,nūḥ,Noah (Prophet),نوح (نبی),PROPER_NOUN,MASCULINE,,,quranic,5,43,images/words/cmq6hkx6b00ch145k7ox7yuer.jpg,361-n.jpg
cmq6hkx6b00ci145kddyvgtti,362,تَوْحِيد,توحيد,tawḥīd,"monotheism, Oneness of Allah",توحید,NOUN,MASCULINE,,و ح د,quranic|worship,3,0,images/words/cmq6hkx6b00ci145kddyvgtti.jpg,362-taw-d.jpg
cmq6hkx6b00cj145kdueyy1k4,363,شِرْك,شرك,shirk,"polytheism, associating partners with Allah",شرک,NOUN,MASCULINE,,ش ر ك,quranic,4,5,images/words/cmq6hkx6b00cj145kdueyy1k4.jpg,363-shirk.jpg
cmq6hkx6b00ck145kg56ovqug,364,كُفْر,كفر,kufr,"disbelief, ingratitude",کفر,NOUN,MASCULINE,,ك ف ر,quranic,4,37,images/words/cmq6hkx6b00ck145kg56ovqug.jpg,364-kufr.jpg
cmq6hkx6b00cl145kg3fu5dfv,365,ظُلْم,ظلم,ẓulm,"oppression, injustice, wrongdoing",ظلم,NOUN,MASCULINE,,ظ ل م,quranic,3,48,images/words/cmq6hkx6b00cl145kg3fu5dfv.jpg,365-ulm.jpg
cmq6hkx6b00cm145k1m8qs9vw,366,فَسَاد,فساد,fasād,"corruption, mischief",فساد، بگاڑ,NOUN,MASCULINE,,ف س د,quranic,4,30,images/words/cmq6hkx6b00cm145k1m8qs9vw.jpg,366-fas-d.jpg
cmq6hkx6b00cn145k5m3w9dj7,367,مَلَائِكَة,ملائكة,malā'ika,angels,ملائکہ، فرشتے,NOUN,MASCULINE,,م ل ك,quranic,3,68,images/words/cmq6hkx6b00cn145k5m3w9dj7.jpg,367-mal-ika.jpg
cmq6hkx6b00co145k2664ys1b,368,إِبْلِيس,ابليس,iblīs,"Iblis, the devil",ابلیس، شیطان,PROPER_NOUN,MASCULINE,,ب ل س,quranic,5,11,images/words/cmq6hkx6b00co145k2664ys1b.jpg,368-ibl-s.jpg
cmq6hkx6b00cp145kevm19fxh,369,جِنّ,جن,jinn,jinn (spirits),جن,NOUN,MASCULINE,جِنَّة,ج ن ن,quranic,4,22,images/words/cmq6hkx6b00cp145kevm19fxh.jpg,369-jinn.jpg
cmq6hkx6b00cq145kzo1otg99,370,عَرْش,عرش,'arsh,Throne (of Allah),عرش,NOUN,MASCULINE,,ع ر ش,quranic,4,33,images/words/cmq6hkx6b00cq145kzo1otg99.jpg,370-arsh.jpg
cmq6hkx6c00cr145ku8ns7uhl,371,خَالِق,خالق,khāliq,Creator,خالق، پیدا کرنے والا,NOUN,MASCULINE,,خ ل ق,quranic,2,15,images/words/cmq6hkx6c00cr145ku8ns7uhl.jpg,371-kh-liq.jpg
cmq6hkx6c00cs145ksrkb26vi,372,عَلِيم,عليم,'alīm,All-Knowing,علیم، سب کچھ جاننے والا,ADJECTIVE,,,ع ل م,quranic,2,157,images/words/cmq6hkx6c00cs145ksrkb26vi.jpg,372-al-m.jpg
cmq6hkx6c00ct145k4sz3qyoa,373,قَدِير,قدير,qadīr,"All-Powerful, Omnipotent",قدیر، قادر مطلق,ADJECTIVE,,,ق د ر,quranic,2,45,images/words/cmq6hkx6c00ct145k4sz3qyoa.jpg,373-qad-r.jpg
cmq6hkx6c00cu145kadwqjlri,374,حَكِيم,حكيم,ḥakīm,All-Wise,حکیم، حکمت والا,ADJECTIVE,,,ح ك م,quranic,2,97,images/words/cmq6hkx6c00cu145kadwqjlri.jpg,374-ak-m.jpg
cmq6hkx6c00cv145ks4ga9f9i,375,سَمِيع,سميع,samī',All-Hearing,سمیع، سننے والا,ADJECTIVE,,,س م ع,quranic,2,47,images/words/cmq6hkx6c00cv145ks4ga9f9i.jpg,375-sam.jpg
cmq6hkx6c00cw145kh0lpizsv,376,بَصِير,بصير,baṣīr,All-Seeing,بصیر، دیکھنے والا,ADJECTIVE,,,ب ص ر,quranic,2,42,images/words/cmq6hkx6c00cw145kh0lpizsv.jpg,376-ba-r.jpg
cmq6hkx6c00cx145kgf7y15w4,377,غَفُور,غفور,ghafūr,All-Forgiving,غفور، بخشنے والا,ADJECTIVE,,,غ ف ر,quranic,1,91,images/words/cmq6hkx6c00cx145kgf7y15w4.jpg,377-ghaf-r.jpg
cmq6hkx6c00cy145k1wp3yf84,378,تَوَّاب,تواب,tawwāb,"Oft-Returning, Acceptor of Repentance",توبہ قبول کرنے والا,ADJECTIVE,,,ت و ب,quranic,2,11,images/words/cmq6hkx6c00cy145k1wp3yf84.jpg,378-taww-b.jpg
cmq6hkx6c00cz145kb30cdv7y,379,رَزَّاق,رزاق,razzāq,"the Provider, Sustainer",رزاق، رزق دینے والا,NOUN,MASCULINE,,ر ز ق,quranic,3,1,images/words/cmq6hkx6c00cz145kb30cdv7y.jpg,379-razz-q.jpg
cmq6hkx6c00d0145kiyku45fb,380,وَدُود,ودود,wadūd,"the Loving, full of Love",ودود، محبت کرنے والا,ADJECTIVE,,,و د د,quranic,4,2,images/words/cmq6hkx6c00d0145kiyku45fb.jpg,380-wad-d.jpg
cmq6hkx6c00d1145kiv2p7vkv,381,أَحَد,احد,aḥad,"one, unique, singular",احد، ایک,ADJECTIVE,,,و ح د,quranic,1,90,images/words/cmq6hkx6c00d1145kiv2p7vkv.jpg,381-a-ad.jpg
cmq6hkx6c00d2145kz8pw1whd,382,صَمَد,صمد,ṣamad,"the Eternal, Self-Sufficient, the Besought",صمد، بے نیاز,NOUN,MASCULINE,,ص م د,quranic,3,1,images/words/cmq6hkx6c00d2145kz8pw1whd.jpg,382-amad.jpg
cmq6hkx6c00d3145ky1p0llkx,383,رَحْمَن,رحمن,raḥmān,"the Most Gracious, Beneficent",رحمان,PROPER_NOUN,MASCULINE,,ر ح م,quranic,1,57,images/words/cmq6hkx6c00d3145ky1p0llkx.jpg,383-ra-m-n.jpg
cmq6hkx6c00d4145k0at8ms40,384,إِلَه,اله,ilāh,"god, deity",الٰہ، معبود,NOUN,MASCULINE,آلِهَة,أ ل ه,quranic|worship,2,147,images/words/cmq6hkx6c00d4145k0at8ms40.jpg,384-il-h.jpg
cmq6hkx6c00d5145kv4styd0n,385,أَعُوذُ,اعوذ,a'ūdhu,I seek refuge,میں پناہ مانگتا ہوں,VERB_PRESENT,,,ع و ذ,quranic|worship,2,3,images/words/cmq6hkx6c00d5145kv4styd0n.jpg,385-a-dhu.jpg
cmq6hkx6c00d6145kriu5ejqv,386,صِرَاطَ الَّذِينَ,صراط الذين,ṣirāṭ alladhīna,the path of those,ان لوگوں کا راستہ,NOUN,MASCULINE,,ص ر ط,quranic,2,0,images/words/cmq6hkx6c00d6145kriu5ejqv.jpg,386-ir-alladh-na.jpg
cmq6hkx6c00d7145kjis016bq,387,جَزَاء,جزاء,jazā',"recompense, reward, punishment",جزا، بدلہ,NOUN,MASCULINE,,ج ز ي,quranic,3,43,images/words/cmq6hkx6c00d7145kjis016bq.jpg,387-jaz.jpg
cmq6hkx6c00d8145kwby9d171,388,نَعِيم,نعيم,na'īm,"bliss, luxury, paradise",نعیم، خوشحالی,NOUN,MASCULINE,,ن ع م,quranic,4,13,images/words/cmq6hkx6c00d8145kwby9d171.jpg,388-na-m.jpg
cmq6hkx6c00d9145kq6fuybks,389,بَاطِل,باطل,bāṭil,"falsehood, vain, void",باطل، جھوٹ,NOUN,MASCULINE,,ب ط ل,quranic,4,36,images/words/cmq6hkx6c00d9145kq6fuybks.jpg,389-b-il.jpg
cmq6hkx6c00da145k71e84s0n,390,خَلِيفَة,خليفة,khalīfa,"vicegerent, successor",خلیفہ,NOUN,MASCULINE,خُلَفَاء,خ ل ف,quranic,5,9,images/words/cmq6hkx6c00da145k71e84s0n.jpg,390-khal-fa.jpg
cmq6hkx6c00db145koxq501bk,391,بَعَثَ,بعث,ba'atha,"he sent, raised up",اس نے بھیجا، اٹھایا,VERB_PAST,,,ب ع ث,quranic,3,64,images/words/cmq6hkx6c00db145koxq501bk.jpg,391-ba-atha.jpg
cmq6hkx6c00dc145k5idu8dce,392,أَنْزَلَ,انزل,anzala,"he sent down, revealed",اس نے نازل کیا,VERB_PAST,,,ن ز ل,quranic,2,114,images/words/cmq6hkx6c00dc145k5idu8dce.jpg,392-anzala.jpg
cmq6hkx6c00dd145kt86c98ah,393,صَلَوَات,صلوات,ṣalawāt,"prayers, blessings",نمازیں، درود,NOUN,FEMININE,,ص ل و,quranic|worship,3,5,images/words/cmq6hkx6c00dd145kt86c98ah.jpg,393-alaw-t.jpg
cmq6hkx6c00de145ktpku2y39,394,مُحَمَّد,محمد,muḥammad,Muhammad (the Prophet),محمد (نبی),PROPER_NOUN,MASCULINE,,ح م د,quranic|people,3,4,images/words/cmq6hkx6c00de145ktpku2y39.jpg,394-mu-ammad.jpg
cmq6hkx6c00df145ki8zhrvor,395,صِرَاطِي,صراطي,ṣirāṭī,"my path, my way",میرا راستہ,NOUN,MASCULINE,,ص ر ط,quranic,3,2,images/words/cmq6hkx6c00df145ki8zhrvor.jpg,395-ir.jpg
cmq6hkx6c00dg145k1re8nisp,396,عَمَل,عمل,'amal,"deed, action, work",عمل، کام,NOUN,MASCULINE,أَعْمَال,ع م ل,quranic|worship,2,159,images/words/cmq6hkx6c00dg145k1re8nisp.jpg,396-amal.jpg
cmq6hkx6c00dh145kws6brumr,397,صَالِح,صالح,ṣāliḥ,"righteous, pious, good",صالح، نیک,ADJECTIVE,MASCULINE,صَالِحُون,ص ل ح,quranic|worship,2,89,images/words/cmq6hkx6c00dh145kws6brumr.jpg,397-li.jpg
cmq6hkx6c00di145k7t0ncciv,398,أَجْر,اجر,ajr,"reward, wage",اجر، انعام,NOUN,MASCULINE,أُجُور,أ ج ر,quranic|worship,2,107,images/words/cmq6hkx6c00di145k7t0ncciv.jpg,398-ajr.jpg
cmq6hkx6c00dj145k0q8sjrik,399,فَوْز,فوز,fawz,"success, triumph, salvation",فوز، کامیابی,NOUN,MASCULINE,,ف و ز,quranic,3,29,images/words/cmq6hkx6c00dj145k0q8sjrik.jpg,399-fawz.jpg
cmq6hkx6c00dk145kgw57d91o,400,حِكْمَة,حكمة,ḥikma,wisdom,حکمت,NOUN,FEMININE,حِكَم,ح ك م,quranic|worship,3,20,images/words/cmq6hkx6c00dk145kgw57d91o.jpg,400-ikma.jpg
cmq6hkx6c00dl145k3fb2ld0x,401,عِلْم,علم,'ilm,"knowledge, science",علم,NOUN,MASCULINE,عُلُوم,ع ل م,quranic|school,1,380,images/words/cmq6hkx6c00dl145k3fb2ld0x.jpg,401-ilm.jpg
cmq6hkx6c00dm145kjvsgwx5t,402,لِسَان عَرَبِيّ,لسان عربي,lisān 'arabī,"Arabic tongue, Arabic language",عربی زبان,NOUN,MASCULINE,,ع ر ب,quranic,3,4,images/words/cmq6hkx6c00dm145kjvsgwx5t.jpg,402-lis-n-arab.jpg
cmq6hkx6c00dn145kuo5tr23v,403,بَيِّنَة,بينة,bayyina,"clear proof, evidence",واضح دلیل,NOUN,FEMININE,بَيِّنَات,ب ي ن,quranic,4,19,images/words/cmq6hkx6c00dn145kuo5tr23v.jpg,403-bayyina.jpg
cmq6hkx6c00do145kd15x49pa,404,سَبِيل,سبيل,sabīl,"way, path, means",راستہ، سبیل,NOUN,MASCULINE,سُبُل,س ب ل,quranic,3,166,images/words/cmq6hkx6c00do145kd15x49pa.jpg,404-sab-l.jpg
cmq6hkx6c00dp145k56bhc0uw,405,خَلَقَ,خلق,khalaqa,he created,اس نے پیدا کیا,VERB_PAST,,,خ ل ق,quranic,2,254,images/words/cmq6hkx6c00dp145k56bhc0uw.jpg,405-khalaqa.jpg
cmq6hkx6c00dq145k6h67h4jh,406,قَالَ,قال,qāla,he said,اس نے کہا,VERB_PAST,,,ق و ل,verbs,2,1722,images/words/cmq6hkx6c00dq145k6h67h4jh.jpg,406-q-la.jpg
cmq6hkx6c00dr145ki78no1tp,407,أَكَلَ,اكل,akala,he ate,اس نے کھایا,VERB_PAST,,,أ ك ل,verbs|food,2,26,images/words/cmq6hkx6c00dr145ki78no1tp.jpg,407-akala.jpg
cmq6hkx6c00ds145kmmj6a7ny,408,شَرِبَ,شرب,shariba,he drank,اس نے پیا,VERB_PAST,,,ش ر ب,verbs|food,2,21,images/words/cmq6hkx6c00ds145kmmj6a7ny.jpg,408-shariba.jpg
cmq6hkx6c00dt145ksspuol3g,409,نَظَرَ,نظر,naẓara,"he looked, he saw",اس نے دیکھا,VERB_PAST,,,ن ظ ر,verbs,2,129,images/words/cmq6hkx6c00dt145ksspuol3g.jpg,409-na-ara.jpg
cmq6hkx6c00du145ktvgckoma,410,سَمِعَ,سمع,sami'a,"he heard, he listened",اس نے سنا,VERB_PAST,,,س م ع,verbs,2,185,images/words/cmq6hkx6c00du145ktvgckoma.jpg,410-sami-a.jpg
cmq6hkx6c00dv145krstsuvet,411,دَخَلَ,دخل,dakhala,he entered,وہ داخل ہوا,VERB_PAST,,,د خ ل,verbs,2,111,images/words/cmq6hkx6c00dv145krstsuvet.jpg,411-dakhala.jpg
cmq6hkx6c00dw145k7n9bttfy,412,خَرَجَ,خرج,kharaja,"he went out, he exited",وہ نکلا,VERB_PAST,,,خ ر ج,verbs,2,102,images/words/cmq6hkx6c00dw145k7n9bttfy.jpg,412-kharaja.jpg
cmq6hkx6c00dx145kwj8uucal,413,جَلَسَ,جلس,jalasa,he sat,وہ بیٹھا,VERB_PAST,,,ج ل س,verbs,2,0,images/words/cmq6hkx6c00dx145kwj8uucal.jpg,413-jalasa.jpg
cmq6hkx6c00dy145knaxpwatp,414,قَامَ,قام,qāma,"he stood up, he rose",وہ کھڑا ہوا,VERB_PAST,,,ق و م,verbs,2,71,images/words/cmq6hkx6c00dy145knaxpwatp.jpg,414-q-ma.jpg
cmq6hkx6c00dz145koz9zco30,415,نَامَ,نام,nāma,he slept,وہ سویا,VERB_PAST,,,ن و م,verbs,3,0,images/words/cmq6hkx6c00dz145koz9zco30.jpg,415-n-ma.jpg
cmq6hkx6c00e0145k4yblqi6t,416,رَجَعَ,رجع,raja'a,"he returned, he came back",وہ واپس آیا,VERB_PAST,,,ر ج ع,verbs,2,107,images/words/cmq6hkx6c00e0145k4yblqi6t.jpg,416-raja-a.jpg
cmq6hkx6c00e1145kmo855hsm,417,فَتَحَ,فتح,fataḥa,"he opened, he conquered",اس نے کھولا,VERB_PAST,,,ف ت ح,verbs,3,23,images/words/cmq6hkx6c00e1145kmo855hsm.jpg,417-fata-a.jpg
cmq6hkx6c00e2145kmmp2iegm,418,أَعْطَى,اعطى,a'ṭā,he gave,اس نے دیا,VERB_PAST,,,ع ط و,verbs,2,64,images/words/cmq6hkx6c00e2145kmmp2iegm.jpg,418-a.jpg
cmq6hkx6c00e3145kmqa326ae,419,أَخَذَ,اخذ,akhadha,"he took, he seized",اس نے لیا,VERB_PAST,,,أ خ ذ,verbs,2,131,images/words/cmq6hkx6c00e3145kmqa326ae.jpg,419-akhadha.jpg
cmq6hkx6c00e4145kkazpyevc,420,حَمَلَ,حمل,ḥamala,"he carried, he bore",اس نے اٹھایا,VERB_PAST,,,ح م ل,verbs,3,56,images/words/cmq6hkx6c00e4145kkazpyevc.jpg,420-amala.jpg
cmq6hkx6c00e5145krpkgvp46,421,نَصَرَ,نصر,naṣara,"he helped, he aided",اس نے مدد کی,VERB_PAST,,,ن ص ر,verbs,2,40,images/words/cmq6hkx6c00e5145krpkgvp46.jpg,421-na-ara.jpg
cmq6hkx6c00e6145kdzem80hs,422,سَأَلَ,سال,sa'ala,he asked,اس نے پوچھا,VERB_PAST,,,س أ ل,verbs,2,131,images/words/cmq6hkx6c00e6145kdzem80hs.jpg,422-sa-ala.jpg
cmq6hkx6c00e7145kga2xhfcc,423,أَجَابَ,اجاب,ajāba,"he answered, he responded",اس نے جواب دیا,VERB_PAST,,,ج و ب,verbs,3,15,images/words/cmq6hkx6c00e7145kga2xhfcc.jpg,423-aj-ba.jpg
cmq6hkx6c00e8145k4jdgxuyp,424,رَأَى,رأى,ra'ā,"he saw, he observed",اس نے دیکھا,VERB_PAST,,,ر أ ي,verbs,2,148,images/words/cmq6hkx6c00e8145k4jdgxuyp.jpg,424-ra.jpg
cmq6hkx6c00e9145kmkk7tmy6,425,أَمَرَ,امر,amara,"he commanded, he ordered",اس نے حکم دیا,VERB_PAST,,,أ م ر,verbs|quranic,2,245,images/words/cmq6hkx6c00e9145kmkk7tmy6.jpg,425-amara.jpg
cmq6hkx6c00ea145ktfksqyo4,426,نَهَى,نهى,nahā,"he forbade, he prohibited",اس نے منع کیا,VERB_PAST,,,ن ه ي,verbs|quranic,3,55,images/words/cmq6hkx6c00ea145ktfksqyo4.jpg,426-nah.jpg
cmq6hkx6c00eb145kvnca4j9r,427,أَرْسَلَ,ارسل,arsala,"he sent, he dispatched",اس نے بھیجا,VERB_PAST,,,ر س ل,verbs|quranic,2,176,images/words/cmq6hkx6c00eb145kvnca4j9r.jpg,427-arsala.jpg
cmq6hkx6c00ec145kfaa6a0fa,428,نَزَلَ,نزل,nazala,"he descended, he came down",وہ اترا,VERB_PAST,,,ن ز ل,verbs|quranic,2,97,images/words/cmq6hkx6c00ec145kfaa6a0fa.jpg,428-nazala.jpg
cmq6hkx6c00ed145k0o3sdury,429,رَفَعَ,رفع,rafa'a,"he raised, he lifted",اس نے اٹھایا، بلند کیا,VERB_PAST,,,ر ف ع,verbs|quranic,3,29,images/words/cmq6hkx6c00ed145k0o3sdury.jpg,429-rafa-a.jpg
cmq6hkx6c00ee145kv72wdw0d,430,هَدَى,هدى,hadā,he guided,اس نے ہدایت دی,VERB_PAST,,,ه د ي,verbs|quranic,1,316,images/words/cmq6hkx6c00ee145kv72wdw0d.jpg,430-had.jpg
cmq6hkx6c00ef145kmvasi3tx,431,آمَنَ,آمن,āmana,"he believed, he had faith",وہ ایمان لایا,VERB_PAST,,,أ م ن,verbs|worship|quranic,2,537,images/words/cmq6hkx6c00ef145kmvasi3tx.jpg,431-mana.jpg
cmq6hkx6c00eg145k6rd4c11j,432,كَفَرَ,كفر,kafara,"he disbelieved, he was ungrateful",اس نے کفر کیا,VERB_PAST,,,ك ف ر,verbs|quranic,4,289,images/words/cmq6hkx6c00eg145k6rd4c11j.jpg,432-kafara.jpg
cmq6hkx6c00eh145k0dquc39i,433,تَابَ,تاب,tāba,"he repented, he returned to Allah",اس نے توبہ کی,VERB_PAST,,,ت و ب,verbs|worship,3,88,images/words/cmq6hkx6c00eh145k0dquc39i.jpg,433-t-ba.jpg
cmq6hkx6c00ei145kyza8h200,434,عَبَدَ,عبد,'abada,he worshipped,اس نے عبادت کی,VERB_PAST,,,ع ب د,verbs|worship|quranic,1,74,images/words/cmq6hkx6c00ei145kyza8h200.jpg,434-abada.jpg
cmq6hkx6c00ej145kunlcxyu4,435,دَعَا,دعا,da'ā,"he called, he supplicated",اس نے دعا کی، بلایا,VERB_PAST,,,د ع و,verbs|worship,2,212,images/words/cmq6hkx6c00ej145kunlcxyu4.jpg,435-da.jpg
cmq6hkx6c00ek145kkb7odeo0,436,شَكَرَ,شكر,shakara,"he thanked, he was grateful",اس نے شکر کیا,VERB_PAST,,,ش ك ر,verbs|worship,3,75,images/words/cmq6hkx6c00ek145kkb7odeo0.jpg,436-shakara.jpg
cmq6hkx6c00el145k8dcr6l7e,437,صَبَرَ,صبر,ṣabara,"he was patient, he persevered",اس نے صبر کیا,VERB_PAST,,,ص ب ر,verbs|worship,2,93,images/words/cmq6hkx6c00el145k8dcr6l7e.jpg,437-abara.jpg
cmq6hkx6c00em145kay2d53gz,438,غَفَرَ,غفر,ghafara,he forgave,اس نے معاف کیا,VERB_PAST,,,غ ف ر,verbs|worship|quranic,2,234,images/words/cmq6hkx6c00em145kay2d53gz.jpg,438-ghafara.jpg
cmq6hkx6c00en145kwy7t4rv5,439,رَحِمَ,رحم,raḥima,he had mercy on,اس نے رحم کیا,VERB_PAST,,,ر ح م,verbs|worship|quranic,2,105,images/words/cmq6hkx6c00en145kwy7t4rv5.jpg,439-ra-ima.jpg
cmq6hkx6c00eo145k77zz5hin,440,أَحَبَّ,احب,aḥabba,he loved,اس نے محبت کی,VERB_PAST,,,ح ب ب,verbs,3,83,images/words/cmq6hkx6c00eo145k77zz5hin.jpg,440-a-abba.jpg
cmq6hkx6c00ep145k9equz9tx,441,كَرِهَ,كره,kariha,"he disliked, he hated",اس نے ناپسند کیا,VERB_PAST,,,ك ر ه,verbs,3,33,images/words/cmq6hkx6c00ep145k9equz9tx.jpg,441-kariha.jpg
cmq6hkx6c00eq145krlcym8zc,442,خَافَ,خاف,khāfa,he feared,وہ ڈرا,VERB_PAST,,,خ و ف,verbs|quranic,2,124,images/words/cmq6hkx6c00eq145krlcym8zc.jpg,442-kh-fa.jpg
cmq6hkx6c00er145kqp9tgghb,443,رَجَا,رجا,rajā,"he hoped, he expected",اس نے امید رکھی,VERB_PAST,,,ر ج و,verbs|worship,3,34,images/words/cmq6hkx6c00er145kqp9tgghb.jpg,443-raj.jpg
cmq6hkx6c00es145k6fag2xrw,444,بَكَى,بكى,bakā,"he cried, he wept",وہ رویا,VERB_PAST,,,ب ك ي,verbs,4,7,images/words/cmq6hkx6c00es145k6fag2xrw.jpg,444-bak.jpg
cmq6hkx6c00et145kfgtnydzo,445,فَرِحَ,فرح,fariḥa,"he rejoiced, he was happy",وہ خوش ہوا,VERB_PAST,,,ف ر ح,verbs,4,22,images/words/cmq6hkx6c00et145kfgtnydzo.jpg,445-fari-a.jpg
cmq6hkx6c00eu145kgv9bjqd9,446,عَمِلَ,عمل,'amila,"he worked, he did",اس نے کام کیا، عمل کیا,VERB_PAST,,,ع م ل,verbs|quranic,2,332,images/words/cmq6hkx6c00eu145kgv9bjqd9.jpg,446-amila.jpg
cmq6hkx6c00ev145krtst7it1,447,بَنَى,بنى,banā,"he built, he constructed",اس نے بنایا,VERB_PAST,,,ب ن ي,verbs,3,19,images/words/cmq6hkx6c00ev145krtst7it1.jpg,447-ban.jpg
cmq6hkx6c00ew145kdmyu733n,448,طَلَبَ,طلب,ṭalaba,"he sought, he requested",اس نے مانگا,VERB_PAST,,,ط ل ب,verbs,2,0,images/words/cmq6hkx6c00ew145kdmyu733n.jpg,448-alaba.jpg
cmq6hkx6c00ex145k02j9g0gj,449,وَجَدَ,وجد,wajada,he found,اس نے پایا,VERB_PAST,,,و ج د,verbs,3,95,images/words/cmq6hkx6c00ex145k02j9g0gj.jpg,449-wajada.jpg
cmq6hkx6c00ey145kpx69rx9i,450,رَزَقَ,رزق,razaqa,"he provided, he gave sustenance",اس نے رزق دیا,VERB_PAST,,,ر ز ق,verbs|quranic,2,123,images/words/cmq6hkx6c00ey145kpx69rx9i.jpg,450-razaqa.jpg
cmq6hkx6c00ez145kul7nmbwv,451,ضَرَبَ,ضرب,ḍaraba,"he struck, he set forth (an example)",اس نے مارا، مثال دی,VERB_PAST,,,ض ر ب,verbs,3,58,images/words/cmq6hkx6c00ez145kul7nmbwv.jpg,451-araba.jpg
cmq6hkx6c00f0145kmhs6mww8,452,وَصَلَ,وصل,waṣala,"he arrived, he reached",وہ پہنچا,VERB_PAST,,,و ص ل,verbs|travel,3,9,images/words/cmq6hkx6c00f0145kmhs6mww8.jpg,452-wa-ala.jpg
cmq6hkx6c00f1145kgtx9lx3o,453,أَنْفَقَ,انفق,anfaqa,he spent (in charity),اس نے خرچ کیا,VERB_PAST,,,ن ف ق,verbs|worship|quranic,3,90,images/words/cmq6hkx6c00f1145kgtx9lx3o.jpg,453-anfaqa.jpg
cmq6hkx6c00f2145koutv1698,454,فَعَلَ,فعل,fa'ala,"he did, he acted",اس نے کیا,VERB_PAST,,,ف ع ل,verbs,2,72,images/words/cmq6hkx6c00f2145koutv1698.jpg,454-fa-ala.jpg
cmq6hkx6c00f3145k8s9ybk3d,455,يَعْلَمُ,يعلم,ya'lamu,he knows (present tense),وہ جانتا ہے,VERB_PRESENT,,,ع ل م,verbs|quranic,2,187,images/words/cmq6hkx6c00f3145k8s9ybk3d.jpg,455-ya-lamu.jpg
cmq6hkx6c00f4145kmsoqyo82,456,يَقُولُ,يقول,yaqūlu,he says (present tense),وہ کہتا ہے,VERB_PRESENT,,,ق و ل,verbs,2,285,images/words/cmq6hkx6c00f4145kmsoqyo82.jpg,456-yaq-lu.jpg
cmq6hkx6c00f5145k1yholm9b,457,يُرِيدُ,يريد,yurīdu,"he wants, he wills (present tense)",وہ چاہتا ہے,VERB_PRESENT,,,ر و د,verbs|quranic,3,139,images/words/cmq6hkx6c00f5145k1yholm9b.jpg,457-yur-du.jpg
cmq6hkx6c00f6145k1ttqyvqw,458,يَشَاءُ,يشاء,yashā'u,"he wills, as He wills",وہ چاہتا ہے (جیسے اللہ چاہے),VERB_PRESENT,,,ش ي أ,verbs|quranic,3,148,images/words/cmq6hkx6c00f6145k1ttqyvqw.jpg,458-yash-u.jpg
cmq6hkx6c00f7145kvh3ocg9g,459,يَعْبُدُونَ,يعبدون,ya'budūn,they worship (present tense plural),وہ عبادت کرتے ہیں,VERB_PRESENT,,,ع ب د,verbs|worship|quranic,2,28,images/words/cmq6hkx6c00f7145kvh3ocg9g.jpg,459-ya-bud-n.jpg
cmq6hkx6c00f8145kegfwcszx,460,نَسْتَعِينُ,نستعين,nasta'īn,we seek help (present tense plural),ہم مدد مانگتے ہیں,VERB_PRESENT,,,ع و ن,verbs|worship|quranic,1,3,images/words/cmq6hkx6c00f8145kegfwcszx.jpg,460-nasta-n.jpg
cmq6hkx6c00f9145kb119pbu7,461,قَرْيَة,قرية,qarya,"village, town",گاؤں، قریہ,NOUN,FEMININE,قُرًى,ق ر ي,travel,4,56,images/words/cmq6hkx6c00f9145kb119pbu7.jpg,461-qarya.jpg
cmq6hkx6c00fa145kdiz5v5ky,462,مَكَّة,مكة,makka,Makkah,مکہ,PROPER_NOUN,FEMININE,,,travel|worship|masjid,4,2,images/words/cmq6hkx6c00fa145kdiz5v5ky.jpg,462-makka.jpg
cmq6hkx6c00fb145kf0wdfp1h,463,مَدِينَة الْمُنَوَّرَة,مدينة المنورة,madīnat al-munawwara,Madinah al-Munawwarah,مدینہ منورہ,PROPER_NOUN,FEMININE,,,travel|worship|masjid,5,0,images/words/cmq6hkx6c00fb145kf0wdfp1h.jpg,463-mad-nat-al-munawwara.jpg
cmq6hkx6c00fc145kcn9abh1l,464,شَارِع,شارع,shāri',"street, road",سڑک، گلی,NOUN,MASCULINE,شَوَارِع,ش ر ع,travel,3,0,images/words/cmq6hkx6c00fc145kcn9abh1l.jpg,464-sh-ri.jpg
cmq6hkx6c00fd145ktumnjsei,465,سَيَّارَة,سيارة,sayyāra,"car, vehicle",گاڑی,NOUN,FEMININE,سَيَّارَات,س ي ر,travel,4,0,images/words/cmq6hkx6c00fd145ktumnjsei.jpg,465-sayy-ra.jpg
cmq6hkx6c00fe145ks9gu3ch2,466,طَيَّارَة,طيارة,ṭayyāra,airplane,ہوائی جہاز,NOUN,FEMININE,طَيَّارَات,ط ي ر,travel,5,0,images/words/cmq6hkx6c00fe145ks9gu3ch2.jpg,466-ayy-ra.jpg
cmq6hkx6c00ff145kq1mkiknz,467,مَطَار,مطار,maṭār,airport,ہوائی اڈہ,NOUN,MASCULINE,مَطَارَات,ط ي ر,travel,5,0,images/words/cmq6hkx6c00ff145kq1mkiknz.jpg,467-ma-r.jpg
cmq6hkx6c00fg145ka41xwblk,468,رِحْلَة,رحلة,riḥla,"trip, journey",سفر، سیاحت,NOUN,FEMININE,رِحَلَات,ر ح ل,travel,4,1,images/words/cmq6hkx6c00fg145ka41xwblk.jpg,468-ri-la.jpg
cmq6hkx6c00fh145kopfv5lni,469,رَاحِلَة,راحلة,rāḥila,"riding animal, mount",سواری,NOUN,FEMININE,رَوَاحِل,ر ح ل,travel,5,3,images/words/cmq6hkx6c00fh145kopfv5lni.jpg,469-r-ila.jpg
cmq6hkx6c00fi145k5c9v3p2l,470,رَحَلَ,رحل,raḥala,"he traveled, he departed",وہ روانہ ہوا,VERB_PAST,,,ر ح ل,travel|verbs,4,1,images/words/cmq6hkx6c00fi145k5c9v3p2l.jpg,470-ra-ala.jpg
cmq6hkx6c00fj145kbhe9vv02,471,عَادَ,عاد,'āda,"he returned, he came back",وہ واپس آیا,VERB_PAST,,,ع و د,travel|verbs,3,44,images/words/cmq6hkx6c00fj145kbhe9vv02.jpg,471-da.jpg
cmq6hkx6c00fk145ka11kpr58,472,حَدّ,حد,ḥadd,"border, limit, boundary",حد، سرحد,NOUN,MASCULINE,حُدُود,ح د د,travel,4,15,images/words/cmq6hkx6c00fk145ka11kpr58.jpg,472-add.jpg
cmq6hkx6c00fl145kfbf2iox7,473,وَجْهَة,وجهة,wajha,"destination, direction",منزل مقصود,NOUN,FEMININE,وِجْهَات,و ج ه,travel,4,0,images/words/cmq6hkx6c00fl145kfbf2iox7.jpg,473-wajha.jpg
cmq6hkx6c00fm145k5yzof3d0,474,مَحَطَّة,محطة,maḥaṭṭa,"station, stop",اسٹیشن، پڑاؤ,NOUN,FEMININE,مَحَطَّات,ح ط ط,travel,4,0,images/words/cmq6hkx6c00fm145k5yzof3d0.jpg,474-ma-a-a.jpg
cmq6hkx6c00fn145kc9devk9d,475,جِسْر,جسر,jisr,bridge,پل,NOUN,MASCULINE,جُسُور,ج س ر,travel,5,0,images/words/cmq6hkx6c00fn145kc9devk9d.jpg,475-jisr.jpg
cmq6hkx6c00fo145k32s6mlpd,476,سَبِيل,سبيل,sabīl,"way, path, means",راستہ، سبیل,NOUN,MASCULINE,سُبُل,س ب ل,travel|quranic,3,166,images/words/cmq6hkx6c00fo145k32s6mlpd.jpg,476-sab-l.jpg
cmq6hkx6c00fp145k7fdm0y9e,477,مَشَى,مشى,mashā,he walked,وہ چلا,VERB_PAST,,,م ش ي,travel|verbs,3,31,images/words/cmq6hkx6c00fp145k7fdm0y9e.jpg,477-mash.jpg
cmq6hkx6c00fq145k0ex1h45b,478,رَكِبَ,ركب,rakiba,"he rode, he mounted",اس نے سواری کی,VERB_PAST,,,ر ك ب,travel|verbs,4,14,images/words/cmq6hkx6c00fq145k0ex1h45b.jpg,478-rakiba.jpg
cmq6hkx6c00fr145kgeefecwz,479,أَقَامَ,اقام,aqāma,"he stayed, he established",وہ ٹھہرا,VERB_PAST,,,ق و م,travel|verbs,3,72,images/words/cmq6hkx6c00fr145kgeefecwz.jpg,479-aq-ma.jpg
cmq6hkx6c00fs145kqnwaoder,480,بَيَّتَ,بيت,bayyata,he spent the night,اس نے رات گزاری,VERB_PAST,,,ب ي ت,travel,5,4,images/words/cmq6hkx6c00fs145kqnwaoder.jpg,480-bayyata.jpg
cmq6hkx6c00ft145ksanixby0,481,مِنَارَة,منارة,manāra,minaret,مینار,NOUN,FEMININE,مَنَائِر,ن و ر,masjid,4,0,images/words/cmq6hkx6c00ft145ksanixby0.jpg,481-man-ra.jpg
cmq6hkx6c00fu145k4u8v86ok,482,مِحْرَاب,محراب,miḥrāb,"prayer niche, sanctuary",محراب,NOUN,MASCULINE,مَحَارِيب,ح ر ب,masjid,4,4,images/words/cmq6hkx6c00fu145k4u8v86ok.jpg,482-mi-r-b.jpg
cmq6hkx6c00fv145k7j33aq4f,483,مِنْبَر,منبر,minbar,"pulpit, minbar",منبر,NOUN,MASCULINE,مَنَابِر,ن ب ر,masjid,4,0,images/words/cmq6hkx6c00fv145k7j33aq4f.jpg,483-minbar.jpg
cmq6hkx6c00fw145kmlbcl85j,484,طَاهِر,طاهر,ṭāhir,"pure, clean",طاہر، پاک,ADJECTIVE,MASCULINE,طَاهِرُون,ط ه ر,masjid|worship,3,5,images/words/cmq6hkx6c00fw145kmlbcl85j.jpg,484-hir.jpg
cmq6hkx6c00fx145klbpv97qw,485,خُطْبَة,خطبة,khuṭba,"sermon, speech",خطبہ,NOUN,FEMININE,خُطَب,خ ط ب,masjid,4,0,images/words/cmq6hkx6c00fx145klbpv97qw.jpg,485-khu-ba.jpg
cmq6hkx6c00fy145kwgn4b1o7,486,حَلْقَة,حلقة,ḥalqa,"circle, study circle",حلقہ,NOUN,FEMININE,حَلَقَات,ح ل ق,masjid|school,4,0,images/words/cmq6hkx6c00fy145kwgn4b1o7.jpg,486-alqa.jpg
cmq6hkx6c00fz145krivp5g92,487,مُؤَذِّن,مؤذن,mu'adhdhin,"muezzin, caller to prayer",مؤذن,NOUN,MASCULINE,مُؤَذِّنُون,أ ذ ن,masjid,4,0,images/words/cmq6hkx6c00fz145krivp5g92.jpg,487-mu-adhdhin.jpg
cmq6hkx6c00g0145k0h6k79j5,488,صَحْن,صحن,ṣaḥn,courtyard,صحن,NOUN,MASCULINE,صُحُون,ص ح ن,masjid,4,0,images/words/cmq6hkx6c00g0145k0h6k79j5.jpg,488-a-n.jpg
cmq6hkx6c00g1145k8rt5fmvz,489,حَوْض,حوض,ḥawḍ,"basin, pool, pond",حوض,NOUN,MASCULINE,أَحْوَاض,ح و ض,masjid,4,1,images/words/cmq6hkx6c00g1145k8rt5fmvz.jpg,489-aw.jpg
cmq6hkx6d00g2145khujd6igz,490,جَامِع,جامع,jāmi',congregational mosque,جامع مسجد,NOUN,MASCULINE,جَوَامِع,ج م ع,masjid,3,0,images/words/cmq6hkx6d00g2145khujd6igz.jpg,490-j-mi.jpg
cmq6hkx6d00g3145kouadafgl,491,تَسْلِيم,تسليم,taslīm,"salutation, ending of prayer with salaam",سلام پھیرنا,NOUN,MASCULINE,,س ل م,masjid|worship,3,0,images/words/cmq6hkx6d00g3145kouadafgl.jpg,491-tasl-m.jpg
cmq6hkx6d00g4145krirz5m08,492,قِرَاءَة,قراءة,qirā'a,"recitation, reading",قراءت,NOUN,FEMININE,,ق ر أ,masjid|school|worship,2,3,images/words/cmq6hkx6d00g4145krirz5m08.jpg,492-qir-a.jpg
cmq6hkx6d00g5145kod4ij76w,493,مَسْجِد الْحَرَام,مسجد الحرام,masjid al-ḥarām,the Sacred Mosque (in Makkah),مسجد الحرام,PROPER_NOUN,MASCULINE,,,masjid|worship,5,10,images/words/cmq6hkx6d00g5145kod4ij76w.jpg,493-masjid-al-ar-m.jpg
cmq6hkx6d00g6145kgqhfj58g,494,مَسْجِد النَّبَوِيّ,مسجد النبوي,masjid al-nabawī,the Prophet's Mosque (in Madinah),مسجد نبوی,PROPER_NOUN,MASCULINE,,,masjid|worship,5,0,images/words/cmq6hkx6d00g6145kgqhfj58g.jpg,494-masjid-al-nabaw.jpg
cmq6hkx6d00g7145kc0nq8g22,495,تَفْسِير,تفسير,tafsīr,"Quranic commentary, interpretation",تفسیر,NOUN,MASCULINE,تَفَاسِير,ف س ر,masjid|school,5,1,images/words/cmq6hkx6d00g7145kc0nq8g22.jpg,495-tafs-r.jpg
cmq6hkx6d00g8145k4ng991i8,496,وُقُوف,وقوف,wuqūf,standing (at Arafah),وقوف (عرفہ),NOUN,MASCULINE,,و ق ف,masjid|worship,5,0,images/words/cmq6hkx6d00g8145k4ng991i8.jpg,496-wuq-f.jpg
cmq6hkx6d00g9145kco9k71qj,497,سَجَّادَة,سجادة,sajjāda,prayer mat,جائے نماز,NOUN,FEMININE,سَجَاجِيد,س ج د,masjid|worship,3,0,images/words/cmq6hkx6d00g9145kco9k71qj.jpg,497-sajj-da.jpg
cmq6hkx6d00ga145kr8l5ehom,498,رَمَضَان,رمضان,ramaḍān,Ramadan (the holy month),رمضان,PROPER_NOUN,MASCULINE,,ر م ض,masjid|worship,3,1,images/words/cmq6hkx6d00ga145kr8l5ehom.jpg,498-rama-n.jpg
cmq6hkx6d00gb145kezzbyyl9,499,لَيْلَة الْقَدْر,ليلة القدر,laylat al-qadr,the Night of Power,شب قدر,PROPER_NOUN,FEMININE,,,masjid|worship,5,3,images/words/cmq6hkx6d00gb145kezzbyyl9.jpg,499-laylat-al-qadr.jpg
cmq6hkx6d00gc145k195tszkm,500,إِعْتِكَاف,اعتكاف,i'tikāf,spiritual retreat in mosque,اعتکاف,NOUN,MASCULINE,,ع ك ف,masjid|worship,5,2,images/words/cmq6hkx6d00gc145k195tszkm.jpg,500-i-tik-f.jpg
cmq6hkx6d00gd145k156kq4jd,501,صَلَاةُ الْجَمَاعَة,صلاة الجماعة,ṣalāt al-jamā'a,congregational prayer,باجماعت نماز,NOUN,FEMININE,,ج م ع,masjid|worship,3,0,images/words/cmq6hkx6d00gd145k156kq4jd.jpg,501-al-t-al-jam-a.jpg
cmq6hkx6d00ge145kh12umaup,502,إِمَامَة,امامة,imāma,"leadership in prayer, imamate",امامت,NOUN,FEMININE,,أ م م,masjid,4,0,images/words/cmq6hkx6d00ge145kh12umaup.jpg,502-im-ma.jpg
cmq6hkx6d00gf145kq8jjumyp,503,أَلْفَاظ,الفاظ,alfāẓ,"words, utterances",الفاظ,NOUN,MASCULINE,,ل ف ظ,masjid|school,4,0,images/words/cmq6hkx6d00gf145kq8jjumyp.jpg,503-alf.jpg
cmq6hkx6d00gg145kdgpn8h8d,504,مَذْهَب,مذهب,madhhab,"school of law, legal doctrine",مذہب,NOUN,MASCULINE,مَذَاهِب,ذ ه ب,masjid|school,6,0,images/words/cmq6hkx6d00gg145kdgpn8h8d.jpg,504-madhhab.jpg
cmq6hkx6d00gh145k6io4sy5b,505,فَتْوَى,فتوى,fatwā,religious ruling,فتویٰ,NOUN,FEMININE,فَتَاوَى,ف ت و,masjid|school,6,0,images/words/cmq6hkx6d00gh145k6io4sy5b.jpg,505-fatw.jpg
cmq6hkx6d00gi145kvt4sedl1,506,بِضَاعَة,بضاعة,biḍā'a,"goods, merchandise",سامان، مال,NOUN,FEMININE,بَضَائِع,ب ض ع,marketplace,5,5,images/words/cmq6hkx6d00gi145kvt4sedl1.jpg,506-bi-a.jpg
cmq6hkx6d00gj145kdi2dcaat,507,رِبَا,ربا,ribā,"usury, interest",سود,NOUN,MASCULINE,,ر ب و,marketplace,5,8,images/words/cmq6hkx6d00gj145kdi2dcaat.jpg,507-rib.jpg
cmq6hkx6d00gk145k4e25rp0l,508,دَيْن,دين,dayn,"debt, loan",قرض، ادھار,NOUN,MASCULINE,دُيُون,د ي ن,marketplace,5,3,images/words/cmq6hkx6d00gk145k4e25rp0l.jpg,508-dayn.jpg
cmq6hkx6d00gl145k5z1dpr9x,509,قَرْض,قرض,qarḍ,"loan, lending",قرضہ,NOUN,MASCULINE,قُرُوض,ق ر ض,marketplace,5,7,images/words/cmq6hkx6d00gl145k5z1dpr9x.jpg,509-qar.jpg
cmq6hkx6d00gm145kzwr6v55b,510,كَيْل,كيل,kayl,"measure, quantity",پیمانہ,NOUN,MASCULINE,,ك ي ل,marketplace,5,8,images/words/cmq6hkx6d00gm145kzwr6v55b.jpg,510-kayl.jpg
cmq6hkx6d00gn145krobe5pf6,511,وَزْن,وزن,wazn,weight,وزن,NOUN,MASCULINE,أَوْزَان,و ز ن,marketplace,4,9,images/words/cmq6hkx6d00gn145krobe5pf6.jpg,511-wazn.jpg
cmq6hkx6d00go145kezf0gzr9,512,نَقْد,نقد,naqd,"cash, ready money",نقد رقم,NOUN,MASCULINE,,ن ق د,marketplace,5,0,images/words/cmq6hkx6d00go145kezf0gzr9.jpg,512-naqd.jpg
cmq6hkx6d00gp145ktrsa2ryn,513,دُكَّان,دكان,dukkān,"shop, store",دکان,NOUN,MASCULINE,دَكَاكِين,د ك ن,marketplace,4,0,images/words/cmq6hkx6d00gp145ktrsa2ryn.jpg,513-dukk-n.jpg
cmq6hkx6d00gq145k6djtn6j4,514,بَائِع,بائع,bā'i',"seller, vendor",فروخت کنندہ,NOUN,MASCULINE,بَاعَة,ب ي ع,marketplace,5,0,images/words/cmq6hkx6d00gq145k6djtn6j4.jpg,514-b-i.jpg
cmq6hkx6d00gr145kg2kh7zro,515,مُشْتَرٍ,مشتر,mushtarin,"buyer, purchaser",خریدار,NOUN,MASCULINE,مُشْتَرُون,ش ر و,marketplace,5,0,images/words/cmq6hkx6d00gr145kg2kh7zro.jpg,515-mushtarin.jpg
cmq6hkx6d00gs145kpibghhdf,516,رِبْح,ربح,ribḥ,"profit, gain",منافع، نفع,NOUN,MASCULINE,أَرْبَاح,ر ب ح,marketplace,5,2,images/words/cmq6hkx6d00gs145kpibghhdf.jpg,516-rib.jpg
cmq6hkx6d00gt145kqqpmxn03,517,خَسَارَة,خسارة,khisāra,loss,نقصان، خسارہ,NOUN,FEMININE,,خ س ر,marketplace|quranic,4,15,images/words/cmq6hkx6d00gt145kqqpmxn03.jpg,517-khis-ra.jpg
cmq6hkx6d00gu145klph7va5q,518,مَتَاع,متاع,matā',"goods, enjoyment, provision",سامان، متاع,NOUN,MASCULINE,أَمْتِعَة,م ت ع,marketplace|quranic,4,44,images/words/cmq6hkx6d00gu145klph7va5q.jpg,518-mat.jpg
cmq6hkx6d00gv145kx1afi97q,519,حِرْفَة,حرفة,ḥirfa,"craft, profession, trade",ہنر، پیشہ,NOUN,FEMININE,حِرَف,ح ر ف,marketplace,6,0,images/words/cmq6hkx6d00gv145kx1afi97q.jpg,519-irfa.jpg
cmq6hkx6d00gw145k05up7b30,520,عَقْد,عقد,'aqd,"contract, agreement",عقد، معاہدہ,NOUN,MASCULINE,عُقُود,ع ق د,marketplace,5,5,images/words/cmq6hkx6d00gw145k05up7b30.jpg,520-aqd.jpg
cmq6hkx6d00gx145kt0rik7tk,521,صَنَاعَة,صناعة,ṣinā'a,"industry, craft, making",صنعت، صناعت,NOUN,FEMININE,صِنَاعَات,ص ن ع,marketplace,6,3,images/words/cmq6hkx6d00gx145kt0rik7tk.jpg,521-in-a.jpg
cmq6hkx6d00gy145kkzj1sp9k,522,أَمَانَة,امانة,amāna,"trust, honesty",امانت,NOUN,FEMININE,أَمَانَات,أ م ن,marketplace|worship|quranic,4,6,images/words/cmq6hkx6d00gy145kkzj1sp9k.jpg,522-am-na.jpg
cmq6hkx6d00gz145k5z5jabqy,523,سِلْعَة,سلعة,sil'a,"commodity, product",مال، اشیاء,NOUN,FEMININE,سِلَع,س ل ع,marketplace,5,0,images/words/cmq6hkx6d00gz145k5z5jabqy.jpg,523-sil-a.jpg
cmq6hkx6d00h0145kh7y1e9j1,524,صَرَّاف,صراف,ṣarrāf,"money changer, banker",صراف,NOUN,MASCULINE,صَرَّافُون,ص ر ف,marketplace,6,0,images/words/cmq6hkx6d00h0145kh7y1e9j1.jpg,524-arr-f.jpg
cmq6hkx6d00h1145kag3858ek,525,غَبْن,غبن,ghabn,"deception, cheating in trade",دھوکہ، فریب,NOUN,MASCULINE,,غ ب ن,marketplace,6,1,images/words/cmq6hkx6d00h1145kag3858ek.jpg,525-ghabn.jpg
cmq6hkx6d00h2145khboxedw3,526,مَدْرَسَة,مدرسة,madrasa,"school, madrasa",مدرسہ، اسکول,NOUN,FEMININE,مَدَارِس,د ر س,school,2,0,images/words/cmq6hkx6d00h2145khboxedw3.jpg,526-madrasa.jpg
cmq6hkx6d00h3145kja0p65x4,527,لَوْح,لوح,lawḥ,"board, tablet",تختی,NOUN,MASCULINE,أَلْوَاح,ل و ح,school|quranic,3,5,images/words/cmq6hkx6d00h3145kja0p65x4.jpg,527-law.jpg
cmq6hkx6d00h4145ko4u9yb8i,528,امْتِحَان,امتحان,imtiḥān,"exam, test",امتحان,NOUN,MASCULINE,امْتِحَانَات,م ح ن,school,4,0,images/words/cmq6hkx6d00h4145ko4u9yb8i.jpg,528-imti-n.jpg
cmq6hkx6d00h5145kcog1eni6,529,نَجَاح,نجاح,najāḥ,success,کامیابی,NOUN,MASCULINE,,ن ج ح,school,3,0,images/words/cmq6hkx6d00h5145kcog1eni6.jpg,529-naj.jpg
cmq6hkx6d00h6145k0ak1z64e,530,فَهِمَ,فهم,fahima,he understood,اس نے سمجھا,VERB_PAST,,,ف ه م,school|verbs,3,0,images/words/cmq6hkx6d00h6145k0ak1z64e.jpg,530-fahima.jpg
cmq6hkx6d00h7145ky1yeus8u,531,حَفِظَ,حفظ,ḥafiẓa,"he memorized, he preserved",اس نے حفظ کیا,VERB_PAST,,,ح ف ظ,school|verbs|worship,3,12,images/words/cmq6hkx6d00h7145ky1yeus8u.jpg,531-afi-a.jpg
cmq6hkx6d00h8145kmbm7ufz9,532,شَرَحَ,شرح,sharaḥa,"he explained, he opened",اس نے سمجھایا، کھولا,VERB_PAST,,,ش ر ح,school|verbs,4,4,images/words/cmq6hkx6d00h8145kmbm7ufz9.jpg,532-shara-a.jpg
cmq6hkx6d00h9145k8qqixr8c,533,مَعْنًى,معنى,ma'nā,"meaning, significance",معنی، مطلب,NOUN,MASCULINE,مَعَانٍ,ع ن و,school,3,0,images/words/cmq6hkx6d00h9145k8qqixr8c.jpg,533-ma-n.jpg
cmq6hkx6d00ha145kear51wij,534,لُغَة,لغة,lugha,language,زبان، لغت,NOUN,FEMININE,لُغَات,ل غ و,school,3,0,images/words/cmq6hkx6d00ha145kear51wij.jpg,534-lugha.jpg
cmq6hkx6d00hb145khujl536b,535,نَحْو,نحو,naḥw,"grammar (Arabic), direction",نحو، صرف و نحو,NOUN,MASCULINE,,ن ح و,school,4,9,images/words/cmq6hkx6d00hb145khujl536b.jpg,535-na-w.jpg
cmq6hkx6d00hc145kw5rniazk,536,صَرْف,صرف,ṣarf,"morphology (Arabic), changing",صرف,NOUN,MASCULINE,,ص ر ف,school,5,6,images/words/cmq6hkx6d00hc145kw5rniazk.jpg,536-arf.jpg
cmq6hkx6d00hd145kh2c5t5zr,537,جَامِعَة,جامعة,jāmi'a,university,جامعہ، یونیورسٹی,NOUN,FEMININE,جَامِعَات,ج م ع,school,5,0,images/words/cmq6hkx6d00hd145kh2c5t5zr.jpg,537-j-mi-a.jpg
cmq6hkx6d00he145ko1fljgqv,538,دَفْتَر,دفتر,daftar,"notebook, record book",کاپی، دفتر,NOUN,MASCULINE,دَفَاتِر,د ف ت,school,3,0,images/words/cmq6hkx6d00he145ko1fljgqv.jpg,538-daftar.jpg
cmq6hkx6d00hf145kcd6waypa,539,كِتَابَة,كتابة,kitāba,"writing, script",لکھنا، کتابت,NOUN,FEMININE,,ك ت ب,school,2,0,images/words/cmq6hkx6d00hf145kcd6waypa.jpg,539-kit-ba.jpg
cmq6hkx6d00hg145k1tmk9r1p,540,فَصِيح,فصيح,faṣīḥ,"eloquent, classical (Arabic)",فصیح، بلیغ,ADJECTIVE,MASCULINE,فُصَحَاء,ف ص ح,school,5,0,images/words/cmq6hkx6d00hg145k1tmk9r1p.jpg,540-fa.jpg
cmq6hkx6d00hh145kkfd8prms,541,شَرْح,شرح,sharḥ,"explanation, commentary",شرح,NOUN,MASCULINE,شُرُوح,ش ر ح,school,4,2,images/words/cmq6hkx6d00hh145kkfd8prms.jpg,541-shar.jpg
cmq6hkx6d00hi145kyuic0bal,542,تَعْلِيم,تعليم,ta'līm,"education, teaching",تعلیم,NOUN,MASCULINE,,ع ل م,school,3,0,images/words/cmq6hkx6d00hi145kyuic0bal.jpg,542-ta-l-m.jpg
cmq6hkx6d00hj145kiw7bwdyj,543,بَحْث,بحث,baḥth,"research, investigation",تحقیق، بحث,NOUN,MASCULINE,بُحُوث,ب ح ث,school,5,2,images/words/cmq6hkx6d00hj145kiw7bwdyj.jpg,543-ba-th.jpg
cmq6hkx6d00hk145ku0oqh1ky,544,إِجَابَة,اجابة,ijāba,"answer, response",جواب,NOUN,FEMININE,إِجَابَات,ج و ب,school,3,1,images/words/cmq6hkx6d00hk145ku0oqh1ky.jpg,544-ij-ba.jpg
cmq6hkx6d00hl145kd9rw9sbe,545,سُؤَال,سؤال,su'āl,"question, asking",سوال,NOUN,MASCULINE,أَسْئِلَة,س أ ل,school,2,0,images/words/cmq6hkx6d00hl145kd9rw9sbe.jpg,545-su-l.jpg
cmq6hkx6d00hm145kfn2067j9,546,فَهْم,فهم,fahm,"understanding, comprehension",فہم، سمجھ,NOUN,MASCULINE,,ف ه م,school,3,0,images/words/cmq6hkx6d00hm145kfn2067j9.jpg,546-fahm.jpg
cmq6hkx6d00hn145kc0ov1gd3,547,إِعْرَاب,اعراب,i'rāb,"parsing (Arabic grammar), vowelisation",اعراب,NOUN,MASCULINE,,ع ر ب,school,5,0,images/words/cmq6hkx6d00hn145kc0ov1gd3.jpg,547-i-r-b.jpg
cmq6hkx6d00ho145kl60y139q,548,مُفْرَدَات,مفردات,mufradāt,"vocabulary, individual words",مفردات، الفاظ,NOUN,FEMININE,,ف ر د,school,3,0,images/words/cmq6hkx6d00ho145kl60y139q.jpg,548-mufrad-t.jpg
cmq6hkx6d00hp145k166vr2h3,549,قَاعِدَة,قاعدة,qā'ida,"rule, principle, base",قاعدہ، اصول,NOUN,FEMININE,قَوَاعِد,ق ع د,school,4,4,images/words/cmq6hkx6d00hp145k166vr2h3.jpg,549-q-ida.jpg
cmq6hkx6d00hq145k7rb2td64,550,تَمْرِين,تمرين,tamrīn,"exercise, practice",مشق، ورزش,NOUN,MASCULINE,تَمَارِين,م ر ن,school,3,0,images/words/cmq6hkx6d00hq145k7rb2td64.jpg,550-tamr-n.jpg
cmq6hkx6d00hr145kthb2f21b,551,سِتَّة,ستة,sitta,six,چھ,NUMBER,FEMININE,,س ت ت,numbers,2,7,images/words/cmq6hkx6d00hr145kthb2f21b.jpg,551-sitta.jpg
cmq6hkx6d00hs145k31rbvy2c,552,سَبْعَة,سبعة,sab'a,seven,سات,NUMBER,FEMININE,,س ب ع,numbers,2,24,images/words/cmq6hkx6d00hs145k31rbvy2c.jpg,552-sab-a.jpg
cmq6hkx6d00ht145kkag6yc9z,553,ثَمَانِيَة,ثمانية,thamāniya,eight,آٹھ,NUMBER,FEMININE,,ث م ن,numbers,2,5,images/words/cmq6hkx6d00ht145kkag6yc9z.jpg,553-tham-niya.jpg
cmq6hkx6d00hu145kro5fmo91,554,تِسْعَة,تسعة,tis'a,nine,نو,NUMBER,FEMININE,,ت س ع,numbers,2,5,images/words/cmq6hkx6d00hu145kro5fmo91.jpg,554-tis-a.jpg
cmq6hkx6d00hv145kuuskv63f,555,عَشَرَة,عشرة,'ashara,ten,دس,NUMBER,FEMININE,,ع ش ر,numbers,2,16,images/words/cmq6hkx6d00hv145kuuskv63f.jpg,555-ashara.jpg
cmq6hkx6d00hw145kvsn9iav2,556,عِشْرُون,عشرون,'ishrūn,twenty,بیس,NUMBER,MASCULINE,,ع ش ر,numbers,3,2,images/words/cmq6hkx6d00hw145kvsn9iav2.jpg,556-ishr-n.jpg
cmq6hkx6d00hx145kyvz1nsrr,557,ثَلَاثُون,ثلاثون,thalāthūn,thirty,تیس,NUMBER,MASCULINE,,ث ل ث,numbers,3,1,images/words/cmq6hkx6d00hx145kyvz1nsrr.jpg,557-thal-th-n.jpg
cmq6hkx6d00hy145kenlgt43t,558,مِائَة,مائة,mi'a,one hundred,سو,NUMBER,FEMININE,مِئَات,م أ ي,numbers,3,6,images/words/cmq6hkx6d00hy145kenlgt43t.jpg,558-mi-a.jpg
cmq6hkx6d00hz145knb8aftqn,559,أَلْف,الف,alf,one thousand,ہزار,NUMBER,MASCULINE,آلَاف,أ ل ف,numbers,3,8,images/words/cmq6hkx6d00hz145knb8aftqn.jpg,559-alf.jpg
cmq6hkx6d00i0145k9xtv7ha1,560,نِصْف,نصف,niṣf,half,آدھا,NUMBER,MASCULINE,أَنْصَاف,ن ص ف,numbers,3,3,images/words/cmq6hkx6d00i0145k9xtv7ha1.jpg,560-ni-f.jpg
cmq6hkx6d00i1145k207doonw,561,رُبُع,ربع,rub',"quarter, one-fourth",چوتھائی,NUMBER,MASCULINE,أَرْبَاع,ر ب ع,numbers,4,2,images/words/cmq6hkx6d00i1145k207doonw.jpg,561-rub.jpg
cmq6hkx6d00i2145kch9mysgo,562,أَوَّل,اول,awwal,first,پہلا,ADJECTIVE,MASCULINE,أَوَائِل,أ و ل,numbers|quranic,2,29,images/words/cmq6hkx6d00i2145kch9mysgo.jpg,562-awwal.jpg
cmq6hkx6d00i3145kcpbdkfsc,563,ثَانٍ,ثاني,thānin,second,دوسرا,ADJECTIVE,MASCULINE,ثَوَانٍ,ث ن ي,numbers,2,3,images/words/cmq6hkx6d00i3145kcpbdkfsc.jpg,563-th-nin.jpg
cmq6hkx6d00i4145kr4wk3xlg,564,أَخِير,اخير,akhīr,"last, final",آخری,ADJECTIVE,MASCULINE,أَخِيرُون,أ خ ر,numbers|quranic,2,12,images/words/cmq6hkx6d00i4145kr4wk3xlg.jpg,564-akh-r.jpg
cmq6hkx6d00i5145kmg1mzc9h,565,كَثِير,كثير,kathīr,"many, much, plenty",بہت، زیادہ,ADJECTIVE,MASCULINE,كَثِيرُون,ك ث ر,numbers|quranic,1,163,images/words/cmq6hkx6d00i5145kmg1mzc9h.jpg,565-kath-r.jpg
cmq6hkx6d00i6145k3qafoyao,566,قَلِيل,قليل,qalīl,"few, little, small amount",تھوڑا، کم,ADJECTIVE,MASCULINE,قَلِيلُون,ق ل ل,numbers|quranic,2,59,images/words/cmq6hkx6d00i6145k3qafoyao.jpg,566-qal-l.jpg
cmq6hkx6d00i7145kv02htyhu,567,بَعْض,بعض,ba'ḍ,"some, part of, some of them",بعض، کچھ,NOUN,MASCULINE,,ب ع ض,numbers,2,160,images/words/cmq6hkx6d00i7145kv02htyhu.jpg,567-ba.jpg
cmq6hkx6d00i8145khq7syol4,568,كُلّ,كل,kull,"every, all, each",تمام، ہر,NOUN,MASCULINE,,ك ل ل,numbers|quranic,1,365,images/words/cmq6hkx6d00i8145khq7syol4.jpg,568-kull.jpg
cmq6hkx6d00i9145k3j1vycr4,569,جَمِيع,جميع,jamī',"all, everyone, together",سب، تمام,NOUN,MASCULINE,,ج م ع,numbers|quranic,2,74,images/words/cmq6hkx6d00i9145k3j1vycr4.jpg,569-jam.jpg
cmq6hkx6d00ia145kyd7yzzay,570,عَدَد,عدد,'adad,"number, count",تعداد، گنتی,NOUN,MASCULINE,أَعْدَاد,ع د د,numbers,3,10,images/words/cmq6hkx6d00ia145kyd7yzzay.jpg,570-adad.jpg
cmq6hkx6d00ib145ksfe4r3vv,571,مُفْرَد,مفرد,mufrad,singular,واحد، مفرد,ADJECTIVE,MASCULINE,مُفْرَدَات,ف ر د,numbers|school,4,0,images/words/cmq6hkx6d00ib145ksfe4r3vv.jpg,571-mufrad.jpg
cmq6hkx6d00ic145kdfe71zte,572,مُثَنَّى,مثنى,muthannā,dual (grammar),تثنیہ، دو,ADJECTIVE,MASCULINE,,ث ن ي,numbers|school,4,5,images/words/cmq6hkx6d00ic145kdfe71zte.jpg,572-muthann.jpg
cmq6hkx6d00id145k6bi5dh9m,573,جَمْع,جمع,jam',"plural (grammar), gathering",جمع,NOUN,MASCULINE,جُمُوع,ج م ع,numbers|school,3,34,images/words/cmq6hkx6d00id145k6bi5dh9m.jpg,573-jam.jpg
cmq6hkx6d00ie145kb6wnsukl,574,صِفْر,صفر,ṣifr,zero,صفر,NUMBER,MASCULINE,,ص ف ر,numbers,4,0,images/words/cmq6hkx6d00ie145kb6wnsukl.jpg,574-ifr.jpg
cmq6hkx6d00if145ksgnjltnd,575,نِصَاب,نصاب,niṣāb,minimum threshold (for zakat),نصاب,NOUN,MASCULINE,,ن ص ب,numbers|worship,5,0,images/words/cmq6hkx6d00if145ksgnjltnd.jpg,575-ni-b.jpg
cmq6hkx6d00ig145kv2u5gahi,576,أَزْرَق,ازرق,azraq,blue,نیلا,ADJECTIVE,MASCULINE,زُرْق,ز ر ق,colors,4,1,images/words/cmq6hkx6d00ig145kv2u5gahi.jpg,576-azraq.jpg
cmq6hkx6d00ih145kg88d75nb,577,بُنِّيّ,بني,bunnī,brown,بھورا,ADJECTIVE,MASCULINE,,ب ن ن,colors,5,0,images/words/cmq6hkx6d00ih145kg88d75nb.jpg,577-bunn.jpg
cmq6hkx6d00ii145k7wlctoxk,578,رَمَادِيّ,رمادي,ramādī,gray,سلیٹی,ADJECTIVE,MASCULINE,,ر م د,colors,5,0,images/words/cmq6hkx6d00ii145k7wlctoxk.jpg,578-ram-d.jpg
cmq6hkx6d00ij145khyveww1k,579,وَرْدِيّ,وردي,wardī,"pink, rose-colored",گلابی,ADJECTIVE,MASCULINE,,و ر د,colors,5,0,images/words/cmq6hkx6d00ij145khyveww1k.jpg,579-ward.jpg
cmq6hkx6d00ik145k7pdfq09a,580,بُرْتُقَالِيّ,برتقالي,burtuqālī,orange,نارنجی,ADJECTIVE,MASCULINE,,,colors,5,0,images/words/cmq6hkx6d00ik145k7pdfq09a.jpg,580-burtuq-l.jpg
cmq6hkx6d00il145k75iqldh4,581,بَنَفْسَجِيّ,بنفسجي,banafsajī,"purple, violet",بنفشی، جامنی,ADJECTIVE,MASCULINE,,ب ن ف,colors,5,0,images/words/cmq6hkx6d00il145k75iqldh4.jpg,581-banafsaj.jpg
cmq6hkx6d00im145kaol1o0xa,582,فَاتِح,فاتح,fātiḥ,light (color shade),ہلکا (رنگ),ADJECTIVE,MASCULINE,,ف ت ح,colors,4,0,images/words/cmq6hkx6d00im145kaol1o0xa.jpg,582-f-ti.jpg
cmq6hkx6d00in145ksxzch9gc,583,غَامِق,غامق,ghāmiq,dark (color shade),گہرا (رنگ),ADJECTIVE,MASCULINE,,غ م ق,colors,4,0,images/words/cmq6hkx6d00in145ksxzch9gc.jpg,583-gh-miq.jpg
cmq6hkx6d00io145kg5i282a9,584,لَوْن,لون,lawn,color,رنگ,NOUN,MASCULINE,أَلْوَان,ل و ن,colors,3,7,images/words/cmq6hkx6d00io145kg5i282a9.jpg,584-lawn.jpg
cmq6hkx6d00ip145k21n20ecb,585,ذَهَبِيّ,ذهبي,dhahabī,"golden, gold-colored",سنہری,ADJECTIVE,MASCULINE,,ذ ه ب,colors,4,0,images/words/cmq6hkx6d00ip145k21n20ecb.jpg,585-dhahab.jpg
